0,1,2,3,4,5,6,7,8,9,10,11,12,13,14,15,16,17,18,19,20,21,22,23,24,25,26,27,28,29,30,31,32,33,34,35,36,37,38,39,40,41,42,43,44,45,46,47,48,49,50,51,52,53,54,55,56,57,58,59,60,61,62,63,64,65,66,67,68,69,70,71,72,73,74
-0.32290094348216924,-0.20745505536338962,0.01956384617990568,0.054194011964674056,-0.0714076623643486,-0.008386970363938422,-0.32290094348216924,-0.20745505536338962,0.01956384617990568,0.054194011964674056,-0.0714076623643486,-0.008386970363938422,1.0,0.0,1.0,0.0,1.0,0.0,1.0,0.0,1.0,0.0,0.0,1.0,0.0,1.0,0.0,1.0,0.0,1.0,0.0,1.0,0.0,0.0,1.0,0.0,0.0,1.0,0.0,0.0,1.0,0.0,0.0,1.0,0.0,0.0,0.0,1.0,1.0,0.0,0.0,1.0,0.0,0.0,1.0,0.0,0.0,1.0,0.0,1.0,0.0,1.0,0.0,1.0,0.0,1.0,0.0,0.0,1.0,0.0,1.0,0.0,1.0,0.0,1.0
-0.3309237073757249,-0.28426166219645316,-0.21156127086649965,-0.25121864959951773,-0.3693179270040975,-0.41288170891507336,-0.3309237073757249,-0.28426166219645316,-0.21156127086649965,-0.25121864959951773,-0.3693179270040975,-0.41288170891507336,0.0,1.0,0.0,1.0,0.0,1.0,0.0,1.0,0.0,1.0,0.0,1.0,0.0,1.0,0.0,1.0,0.0,1.0,1.0,0.0,0.0,1.0,0.0,0.0,1.0,0.0,0.0,1.0,0.0,0.0,1.0,0.0,0.0,1.0,0.0,0.0,1.0,0.0,0.0,0.0,0.0,1.0,0.0,0.0,1.0,0.0,1.0,0.0,1.0,0.0,1.0,0.0,1.0,0.0,1.0,0.0,1.0,0.0,1.0,0.0,1.0,0.0,1.0
-0.6085113380927524,-0.39005189424954056,-0.17607014802416773,-0.03921398418382446,0.04271716538321699,-0.10838092447984475,-0.6085113380927524,-0.39005189424954056,-0.17607014802416773,-0.03921398418382446,0.04271716538321699,-0.10838092447984475,1.0,0.0,1.0,0.0,1.0,0.0,1.0,0.0,1.0,0.0,1.0,0.0,0.0,1.0,0.0,1.0,0.0,1.0,1.0,0.0,0.0,1.0,0.0,0.0,1.0,0.0,0.0,1.0,0.0,0.0,1.0,0.0,0.0,1.0,0.0,0.0,1.0,0.0,0.0,1.0,0.0,0.0,1.0,0.0,0.0,0.0,1.0,0.0,1.0,0.0,1.0,0.0,1.0,0.0,1.0,0.0,1.0,0.0,1.0,0.0,1.0,0.0,1.0
-0.7850121437509779,-0.7393045781508294,-0.5153999078825605,-0.5891666806086924,-0.8524957691561281,-0.8323166129655598,-0.7850121437509779,-0.7393045781508294,-0.5153999078825605,-0.5891666806086924,-0.8524957691561281,-0.8323166129655598,1.0,0.0,1.0,0.0,1.0,0.0,1.0,0.0,1.0,0.0,1.0,0.0,1.0,0.0,1.0,0.0,1.0,0.0,0.0,1.0,0.0,0.0,1.0,0.0,0.0,1.0,0.0,0.0,1.0,0.0,0.0,1.0,0.0,0.0,1.0,0.0,0.0,1.0,0.0,0.0,1.0,0.0,0.0,1.0,0.0,1.0,0.0,1.0,0.0,1.0,0.0,1.0,0.0,1.0,0.0,1.0,0.0,1.0,0.0,1.0,0.0,1.0,0.0
-0.44324240188550484,-0.3596190877685154,-0.0401730364797817,-0.1557115973577946,0.2131633366945162,-0.09643971724709068,-0.44324240188550484,-0.3596190877685154,-0.0401730364797817,-0.1557115973577946,0.2131633366945162,-0.09643971724709068,1.0,0.0,1.0,0.0,1.0,0.0,1.0,0.0,1.0,0.0,1.0,0.0,1.0,0.0,1.0,0.0,1.0,0.0,0.0,1.0,0.0,0.0,1.0,0.0,0.0,1.0,0.0,0.0,1.0,0.0,0.0,1.0,0.0,0.0,1.0,0.0,0.0,1.0,0.0,0.0,1.0,0.0,0.0,1.0,0.0,1.0,0.0,1.0,0.0,1.0,0.0,1.0,0.0,1.0,0.0,1.0,0.0,1.0,0.0,1.0,0.0,1.0,0.0
-0.6454160520031086,-0.5769962769186952,-0.43576129077293774,-0.5115016051593789,-0.46565706731048395,-0.630808740912835,-0.6454160520031086,-0.5769962769186952,-0.43576129077293774,-0.5115016051593789,-0.46565706731048395,-0.630808740912835,1.0,0.0,1.0,0.0,1.0,0.0,1.0,0.0,1.0,0.0,1.0,0.0,0.0,1.0,0.0,1.0,0.0,1.0,0.0,1.0,0.0,0.0,1.0,0.0,0.0,1.0,0.0,0.0,1.0,0.0,0.0,1.0,0.0,0.0,1.0,0.0,1.0,0.0,0.0,1.0,0.0,0.0,1.0,0.0,0.0,1.0,0.0,1.0,0.0,1.0,0.0,1.0,0.0,1.0,0.0,1.0,0.0,0.0,1.0,0.0,1.0,0.0,1.0
-0.7208300326025322,-0.6885832340157875,-0.41671727363802796,-0.505204436879705,-0.6731567541242395,-0.7203677951584905,-0.7208300326025322,-0.6885832340157875,-0.41671727363802796,-0.505204436879705,-0.6731567541242395,-0.7203677951584905,1.0,0.0,1.0,0.0,1.0,0.0,0.0,1.0,0.0,1.0,0.0,1.0,0.0,1.0,0.0,1.0,0.0,1.0,1.0,0.0,0.0,1.0,0.0,0.0,1.0,0.0,0.0,0.0,0.0,1.0,0.0,0.0,1.0,0.0,0.0,1.0,0.0,0.0,1.0,0.0,0.0,1.0,0.0,0.0,1.0,0.0,1.0,0.0,1.0,0.0,1.0,0.0,1.0,0.0,1.0,0.0,1.0,0.0,1.0,0.0,1.0,0.0,1.0
-0.2539051739975902,-0.34657645641950463,-0.29379679940361014,-0.3425275896547917,-0.5219784108742176,-0.5337864321467082,-0.2539051739975902,-0.34657645641950463,-0.29379679940361014,-0.3425275896547917,-0.5219784108742176,-0.5337864321467082,0.0,1.0,0.0,1.0,0.0,1.0,0.0,1.0,0.0,1.0,0.0,1.0,0.0,1.0,0.0,1.0,0.0,1.0,1.0,0.0,0.0,1.0,0.0,0.0,1.0,0.0,0.0,1.0,0.0,0.0,1.0,0.0,0.0,0.0,0.0,1.0,0.0,0.0,1.0,0.0,0.0,1.0,0.0,0.0,1.0,0.0,1.0,0.0,1.0,0.0,1.0,0.0,1.0,0.0,1.0,0.0,1.0,0.0,1.0,0.0,1.0,0.0,1.0
-0.5940703630843521,-0.5219273890006496,-0.3396755679558929,-0.4054992724515323,-0.45231780172959973,-0.445720028805147,-0.5940703630843521,-0.5219273890006496,-0.3396755679558929,-0.4054992724515323,-0.45231780172959973,-0.445720028805147,1.0,0.0,1.0,0.0,1.0,0.0,0.0,1.0,0.0,1.0,0.0,1.0,0.0,1.0,0.0,1.0,0.0,1.0,0.0,0.0,1.0,0.0,0.0,1.0,0.0,0.0,1.0,0.0,0.0,1.0,0.0,0.0,1.0,0.0,0.0,1.0,0.0,0.0,1.0,0.0,0.0,1.0,0.0,0.0,1.0,0.0,1.0,0.0,1.0,0.0,1.0,0.0,1.0,0.0,1.0,0.0,1.0,0.0,1.0,0.0,1.0,0.0,1.0
-0.7336664548322214,-0.7016258653647982,-0.494624616462659,-0.5618789513967714,-0.8198886755139666,-0.7920150385550149,-0.7336664548322214,-0.7016258653647982,-0.494624616462659,-0.5618789513967714,-0.8198886755139666,-0.7920150385550149,0.0,1.0,0.0,1.0,0.0,1.0,0.0,1.0,0.0,1.0,0.0,1.0,0.0,1.0,0.0,1.0,0.0,1.0,1.0,0.0,0.0,1.0,0.0,0.0,1.0,0.0,0.0,1.0,0.0,0.0,1.0,0.0,0.0,0.0,0.0,1.0,0.0,0.0,1.0,0.0,0.0,1.0,0.0,0.0,1.0,0.0,1.0,0.0,1.0,0.0,1.0,0.0,1.0,0.0,1.0,0.0,1.0,0.0,1.0,0.0,1.0,0.0,1.0
-0.6261614186585749,-0.5581569205256796,-0.21069563372400377,-0.5398388624179122,-0.6479603635825691,-0.6920074279806996,-0.6261614186585749,-0.5581569205256796,-0.21069563372400377,-0.5398388624179122,-0.6479603635825691,-0.6920074279806996,0.0,1.0,0.0,1.0,0.0,1.0,0.0,1.0,0.0,1.0,0.0,1.0,0.0,1.0,0.0,1.0,0.0,1.0,1.0,0.0,0.0,1.0,0.0,0.0,1.0,0.0,0.0,1.0,0.0,0.0,1.0,0.0,0.0,1.0,0.0,0.0,1.0,0.0,0.0,1.0,0.0,0.0,1.0,0.0,0.0,0.0,1.0,0.0,1.0,0.0,1.0,0.0,1.0,0.0,1.0,0.0,1.0,0.0,1.0,0.0,1.0,0.0,1.0
-0.6614615797902201,-0.5567077392646784,-0.35871958509080265,-0.01613396942776386,-0.4300856924281259,-0.42780821795601587,-0.6614615797902201,-0.5567077392646784,-0.35871958509080265,-0.01613396942776386,-0.4300856924281259,-0.42780821795601587,1.0,0.0,1.0,0.0,1.0,0.0,1.0,0.0,1.0,0.0,1.0,0.0,1.0,0.0,1.0,0.0,1.0,0.0,1.0,0.0,0.0,1.0,0.0,0.0,1.0,0.0,0.0,1.0,0.0,0.0,1.0,0.0,0.0,1.0,0.0,0.0,1.0,0.0,0.0,1.0,0.0,0.0,1.0,0.0,0.0,0.0,1.0,0.0,1.0,0.0,1.0,0.0,1.0,0.0,1.0,0.0,1.0,0.0,1.0,0.0,1.0,0.0,1.0
-0.7561301937341774,-0.7320586718458234,-0.44788021076788037,-0.4726690674347222,-0.6346210980016849,-0.642749948145589,-0.7561301937341774,-0.7320586718458234,-0.44788021076788037,-0.4726690674347222,-0.6346210980016849,-0.642749948145589,1.0,0.0,1.0,0.0,0.0,1.0,0.0,1.0,0.0,1.0,0.0,1.0,0.0,1.0,0.0,1.0,0.0,1.0,0.0,1.0,0.0,0.0,1.0,0.0,1.0,0.0,0.0,0.0,0.0,1.0,0.0,0.0,1.0,0.0,0.0,1.0,0.0,0.0,1.0,0.0,0.0,1.0,0.0,0.0,1.0,1.0,0.0,1.0,0.0,0.0,1.0,0.0,1.0,0.0,1.0,0.0,1.0,0.0,1.0,0.0,1.0,0.0,1.0
-0.38868760740932606,-0.4668585010826041,-0.27042459655622086,-0.18194979852310317,-0.2878001928986936,-0.3412344655185489,-0.38868760740932606,-0.4668585010826041,-0.27042459655622086,-0.18194979852310317,-0.2878001928986936,-0.3412344655185489,1.0,0.0,1.0,0.0,1.0,0.0,1.0,0.0,0.0,1.0,0.0,1.0,0.0,1.0,0.0,1.0,0.0,1.0,1.0,0.0,0.0,1.0,0.0,0.0,1.0,0.0,0.0,1.0,0.0,0.0,1.0,0.0,0.0,0.0,0.0,1.0,0.0,0.0,1.0,0.0,0.0,1.0,0.0,0.0,1.0,0.0,1.0,0.0,1.0,0.0,1.0,0.0,1.0,0.0,1.0,0.0,1.0,0.0,1.0,0.0,1.0,0.0,1.0
-0.37103752684350344,-0.27846493715244836,-0.21675509372147508,-0.26276345811225355,-0.05956409770200813,-0.34720506913492594,-0.37103752684350344,-0.27846493715244836,-0.21675509372147508,-0.26276345811225355,-0.05956409770200813,-0.34720506913492594,1.0,0.0,1.0,0.0,1.0,0.0,1.0,0.0,1.0,0.0,1.0,0.0,1.0,0.0,1.0,0.0,1.0,0.0,0.0,1.0,0.0,0.0,1.0,0.0,0.0,1.0,0.0,0.0,1.0,0.0,0.0,1.0,0.0,0.0,1.0,0.0,0.0,0.0,1.0,0.0,0.0,1.0,0.0,0.0,1.0,1.0,0.0,1.0,0.0,1.0,0.0,1.0,0.0,1.0,0.0,1.0,0.0,0.0,1.0,0.0,1.0,0.0,1.0
-0.8395669382271567,-0.7639406595878497,-0.5171311821675524,-0.6059591293544898,-0.8999242689992722,-0.8561990274310679,-0.8395669382271567,-0.7639406595878497,-0.5171311821675524,-0.6059591293544898,-0.8999242689992722,-0.8561990274310679,0.0,1.0,0.0,1.0,0.0,1.0,0.0,1.0,0.0,1.0,0.0,1.0,0.0,1.0,0.0,1.0,0.0,1.0,1.0,0.0,0.0,1.0,0.0,0.0,1.0,0.0,0.0,1.0,0.0,0.0,1.0,0.0,0.0,0.0,0.0,1.0,0.0,0.0,1.0,0.0,0.0,1.0,0.0,0.0,1.0,0.0,1.0,0.0,1.0,0.0,1.0,0.0,1.0,0.0,1.0,0.0,1.0,0.0,1.0,0.0,1.0,0.0,1.0
-0.6823207659134649,-0.6509045212297562,-0.4565365821928394,-0.5230464136721147,-0.763567331950233,-0.7248457478707733,-0.6823207659134649,-0.6509045212297562,-0.4565365821928394,-0.5230464136721147,-0.763567331950233,-0.7248457478707733,0.0,1.0,0.0,1.0,0.0,1.0,0.0,1.0,0.0,1.0,0.0,1.0,0.0,1.0,0.0,1.0,0.0,1.0,0.0,0.0,1.0,0.0,0.0,1.0,0.0,0.0,1.0,0.0,0.0,1.0,0.0,0.0,1.0,0.0,0.0,1.0,0.0,0.0,1.0,0.0,0.0,1.0,0.0,0.0,1.0,0.0,1.0,0.0,1.0,0.0,1.0,0.0,1.0,0.0,1.0,0.0,1.0,0.0,1.0,0.0,1.0,0.0,1.0
-0.20576859063625585,-0.2755665746304459,-0.23320219942889714,-0.3299332530954435,-0.167746802670735,-0.26510926940974183,-0.20576859063625585,-0.2755665746304459,-0.23320219942889714,-0.3299332530954435,-0.167746802670735,-0.26510926940974183,1.0,0.0,1.0,0.0,1.0,0.0,1.0,0.0,1.0,0.0,1.0,0.0,1.0,0.0,1.0,0.0,1.0,0.0,1.0,0.0,0.0,1.0,0.0,0.0,1.0,0.0,0.0,1.0,0.0,0.0,1.0,0.0,0.0,1.0,0.0,0.0,1.0,0.0,0.0,1.0,0.0,0.0,1.0,0.0,0.0,0.0,1.0,0.0,1.0,0.0,1.0,0.0,1.0,0.0,1.0,0.0,1.0,0.0,1.0,0.0,1.0,0.0,1.0
0.44728439029917866,0.2519354043739902,0.07150207472965965,0.06678834852402218,-0.019532740660909646,-0.0934544154389021,0.44728439029917866,0.2519354043739902,0.07150207472965965,0.06678834852402218,-0.019532740660909646,-0.0934544154389021,1.0,0.0,1.0,0.0,1.0,0.0,1.0,0.0,1.0,0.0,1.0,0.0,0.0,1.0,0.0,1.0,0.0,1.0,1.0,0.0,0.0,1.0,0.0,0.0,1.0,0.0,0.0,1.0,0.0,0.0,1.0,0.0,0.0,1.0,0.0,0.0,1.0,0.0,0.0,1.0,0.0,0.0,0.0,0.0,1.0,0.0,1.0,0.0,1.0,0.0,1.0,0.0,1.0,0.0,1.0,0.0,1.0,0.0,1.0,0.0,1.0,0.0,1.0
0.11352273206396092,0.05338431286786898,-0.0401730364797817,-0.01613396942776386,1.247697489523097,1.2917256235605692,0.11352273206396092,0.05338431286786898,-0.0401730364797817,-0.01613396942776386,1.247697489523097,1.2917256235605692,1.0,0.0,1.0,0.0,0.0,1.0,0.0,1.0,0.0,1.0,0.0,1.0,0.0,1.0,0.0,1.0,0.0,1.0,0.0,1.0,0.0,0.0,1.0,0.0,1.0,0.0,0.0,1.0,0.0,0.0,1.0,0.0,0.0,1.0,0.0,0.0,1.0,0.0,0.0,1.0,0.0,0.0,1.0,0.0,0.0,1.0,0.0,1.0,0.0,0.0,1.0,0.0,1.0,0.0,1.0,0.0,1.0,0.0,1.0,0.0,1.0,0.0,1.0
-0.2153959073085228,-0.20600587410238846,-0.1544292194617702,-0.20503941554857472,-0.2018360369329949,-0.008386970363938422,-0.2153959073085228,-0.20600587410238846,-0.1544292194617702,-0.20503941554857472,-0.2018360369329949,-0.008386970363938422,1.0,0.0,1.0,0.0,1.0,0.0,1.0,0.0,1.0,0.0,1.0,0.0,1.0,0.0,0.0,1.0,0.0,1.0,1.0,0.0,0.0,1.0,0.0,0.0,0.0,0.0,1.0,0.0,0.0,1.0,0.0,0.0,1.0,0.0,0.0,1.0,0.0,0.0,1.0,0.0,0.0,1.0,0.0,0.0,1.0,0.0,1.0,0.0,1.0,0.0,1.0,0.0,1.0,0.0,1.0,0.0,1.0,0.0,1.0,0.0,1.0,0.0,1.0
-0.3068554156950578,-0.1915140614923764,-0.14317593660932354,-0.09169038651444163,-0.1129075997270996,-0.2636166185056476,-0.3068554156950578,-0.1915140614923764,-0.14317593660932354,-0.09169038651444163,-0.1129075997270996,-0.2636166185056476,1.0,0.0,1.0,0.0,1.0,0.0,1.0,0.0,1.0,0.0,1.0,0.0,1.0,0.0,1.0,0.0,1.0,0.0,0.0,1.0,0.0,0.0,1.0,0.0,0.0,1.0,0.0,0.0,1.0,0.0,0.0,1.0,0.0,0.0,1.0,0.0,0.0,1.0,0.0,0.0,1.0,0.0,0.0,1.0,0.0,1.0,0.0,1.0,0.0,1.0,0.0,1.0,0.0,1.0,0.0,1.0,0.0,1.0,0.0,1.0,0.0,1.0,0.0
-0.15442290171749945,-0.28860920597945666,-0.22108327943395456,-0.16515734977730567,-0.009157756320221961,-0.17704286606818062,-0.15442290171749945,-0.28860920597945666,-0.22108327943395456,-0.16515734977730567,-0.009157756320221961,-0.17704286606818062,0.0,1.0,0.0,1.0,0.0,1.0,0.0,1.0,0.0,1.0,0.0,1.0,0.0,1.0,0.0,1.0,0.0,1.0,0.0,1.0,0.0,0.0,1.0,0.0,0.0,1.0,0.0,0.0,1.0,0.0,0.0,1.0,0.0,0.0,1.0,0.0,0.0,1.0,0.0,0.0,1.0,0.0,0.0,1.0,0.0,1.0,0.0,1.0,0.0,1.0,0.0,1.0,0.0,1.0,0.0,1.0,0.0,1.0,0.0,1.0,0.0,1.0,0.0
-0.6438114992243975,-0.5929372707897084,-0.42364237077799516,-0.5387893343712998,-0.7976565662124927,-0.7920150385550149,-0.6438114992243975,-0.5929372707897084,-0.42364237077799516,-0.5387893343712998,-0.7976565662124927,-0.7920150385550149,0.0,1.0,0.0,1.0,0.0,1.0,0.0,1.0,0.0,1.0,0.0,1.0,0.0,1.0,0.0,1.0,0.0,1.0,0.0,0.0,1.0,0.0,0.0,1.0,0.0,0.0,1.0,0.0,0.0,1.0,0.0,0.0,1.0,0.0,0.0,1.0,0.0,0.0,1.0,0.0,0.0,1.0,0.0,0.0,1.0,0.0,1.0,0.0,1.0,0.0,1.0,0.0,1.0,0.0,1.0,0.0,1.0,0.0,1.0,0.0,1.0,0.0,1.0
-0.7256436909386657,0.05338431286786898,-0.0401730364797817,-0.01613396942776386,-0.05956409770200813,-0.008386970363938422,-0.7256436909386657,0.05338431286786898,-0.0401730364797817,-0.01613396942776386,-0.05956409770200813,-0.008386970363938422,1.0,0.0,1.0,0.0,1.0,0.0,1.0,0.0,1.0,0.0,1.0,0.0,1.0,0.0,1.0,0.0,1.0,0.0,0.0,0.0,1.0,0.0,0.0,1.0,0.0,0.0,1.0,0.0,0.0,1.0,0.0,0.0,1.0,0.0,0.0,1.0,0.0,0.0,1.0,0.0,0.0,1.0,0.0,0.0,1.0,0.0,1.0,0.0,1.0,0.0,1.0,0.0,1.0,0.0,1.0,0.0,1.0,0.0,1.0,0.0,1.0,0.0,1.0
-0.27476436012083505,-0.33788136885349745,-0.30418444511356096,-0.374013431053162,-0.5916390200188355,-0.6517058535701545,-0.27476436012083505,-0.33788136885349745,-0.30418444511356096,-0.374013431053162,-0.5916390200188355,-0.6517058535701545,0.0,1.0,0.0,1.0,0.0,1.0,0.0,1.0,0.0,1.0,0.0,1.0,0.0,1.0,0.0,1.0,0.0,1.0,1.0,0.0,0.0,1.0,0.0,0.0,1.0,0.0,0.0,1.0,0.0,0.0,1.0,0.0,0.0,0.0,0.0,1.0,0.0,0.0,1.0,0.0,0.0,1.0,0.0,0.0,1.0,0.0,1.0,0.0,1.0,0.0,1.0,0.0,1.0,0.0,1.0,0.0,1.0,0.0,1.0,0.0,1.0,0.0,1.0
1.1484739545959473,0.9663817660475809,0.7795932572913059,1.048097072106563,1.3084652549471254,1.2126151256435735,1.1484739545959473,0.9663817660475809,0.7795932572913059,1.048097072106563,1.3084652549471254,1.2126151256435735,1.0,0.0,1.0,0.0,0.0,1.0,0.0,1.0,0.0,1.0,0.0,1.0,0.0,1.0,0.0,1.0,0.0,1.0,1.0,0.0,0.0,1.0,0.0,0.0,1.0,0.0,0.0,1.0,0.0,0.0,1.0,0.0,0.0,0.0,0.0,1.0,0.0,0.0,1.0,0.0,0.0,1.0,0.0,0.0,1.0,0.0,1.0,0.0,1.0,0.0,1.0,0.0,1.0,0.0,1.0,0.0,1.0,0.0,1.0,0.0,1.0,0.0,1.0
2.6326852749037535,4.603826731160588,2.377559422338737,2.7766697648770924,4.936745492947651,4.039695937998099,2.6326852749037535,4.603826731160588,2.377559422338737,2.7766697648770924,4.936745492947651,4.039695937998099,1.0,0.0,1.0,0.0,1.0,0.0,1.0,0.0,1.0,0.0,1.0,0.0,0.0,1.0,0.0,1.0,0.0,1.0,0.0,1.0,0.0,0.0,1.0,0.0,0.0,1.0,0.0,0.0,1.0,0.0,0.0,1.0,0.0,0.0,1.0,0.0,1.0,0.0,0.0,1.0,0.0,0.0,1.0,0.0,0.0,1.0,0.0,1.0,0.0,1.0,0.0,1.0,0.0,1.0,0.0,1.0,0.0,0.0,1.0,0.0,1.0,0.0,1.0
0.062191723408504714,0.005574590003786462,-0.09296898234456132,-0.18509838266294015,0.12275275886852269,0.220002274420892,0.062191723408504714,0.005574590003786462,-0.09296898234456132,-0.18509838266294015,0.12275275886852269,0.220002274420892,0.0,1.0,0.0,1.0,0.0,1.0,0.0,1.0,0.0,1.0,0.0,1.0,0.0,1.0,0.0,1.0,0.0,1.0,1.0,0.0,0.0,1.0,0.0,0.0,1.0,0.0,0.0,1.0,0.0,0.0,1.0,0.0,0.0,1.0,0.0,0.0,1.0,0.0,0.0,1.0,0.0,0.0,1.0,0.0,0.0,0.0,1.0,0.0,1.0,0.0,1.0,0.0,1.0,0.0,1.0,0.0,1.0,0.0,1.0,0.0,1.0,0.0,1.0
-0.22341867120207848,-0.30889774363347344,-0.2764840565536921,-0.36876579082010025,-0.5471748014158879,-0.5531908938999336,-0.22341867120207848,-0.30889774363347344,-0.2764840565536921,-0.36876579082010025,-0.5471748014158879,-0.5531908938999336,1.0,0.0,1.0,0.0,1.0,0.0,0.0,1.0,0.0,1.0,0.0,1.0,0.0,1.0,0.0,1.0,0.0,1.0,0.0,1.0,0.0,0.0,1.0,0.0,1.0,0.0,0.0,1.0,0.0,0.0,1.0,0.0,0.0,0.0,0.0,1.0,0.0,0.0,1.0,0.0,0.0,1.0,0.0,0.0,1.0,1.0,0.0,1.0,0.0,0.0,1.0,0.0,1.0,0.0,1.0,0.0,1.0,0.0,1.0,0.0,1.0,0.0,1.0
0.19536960404152945,0.03021067144080682,-0.08344697377710647,0.01955958642646672,0.153877711890586,0.09014164576469155,0.19536960404152945,0.03021067144080682,-0.08344697377710647,0.01955958642646672,0.153877711890586,0.09014164576469155,1.0,0.0,1.0,0.0,1.0,0.0,1.0,0.0,1.0,0.0,1.0,0.0,1.0,0.0,1.0,0.0,1.0,0.0,1.0,0.0,0.0,1.0,0.0,0.0,1.0,0.0,0.0,1.0,0.0,0.0,1.0,0.0,0.0,1.0,0.0,0.0,0.0,0.0,1.0,0.0,0.0,1.0,0.0,0.0,1.0,0.0,1.0,0.0,1.0,0.0,1.0,0.0,1.0,0.0,1.0,0.0,1.0,0.0,1.0,0.0,1.0,0.0,1.0
-0.6662752381263534,-0.6465569774467527,-0.44182075077040905,-0.49051104422713204,-0.6909424415654185,-0.6711103153233801,-0.6662752381263534,-0.6465569774467527,-0.44182075077040905,-0.49051104422713204,-0.6909424415654185,-0.6711103153233801,1.0,0.0,1.0,0.0,0.0,1.0,0.0,1.0,0.0,1.0,0.0,1.0,0.0,1.0,0.0,1.0,0.0,1.0,0.0,0.0,1.0,0.0,0.0,1.0,0.0,0.0,1.0,0.0,0.0,1.0,0.0,0.0,1.0,0.0,0.0,1.0,0.0,0.0,1.0,0.0,0.0,1.0,0.0,0.0,1.0,0.0,1.0,0.0,1.0,0.0,1.0,0.0,1.0,0.0,1.0,0.0,1.0,0.0,1.0,0.0,1.0,0.0,1.0
0.11352273206396092,2.573523784497909,-0.0401730364797817,1.4332738652132933,-0.05956409770200813,2.905281250886462,0.11352273206396092,2.573523784497909,-0.0401730364797817,1.4332738652132933,-0.05956409770200813,2.905281250886462,1.0,0.0,1.0,0.0,1.0,0.0,1.0,0.0,1.0,0.0,1.0,0.0,1.0,0.0,1.0,0.0,1.0,0.0,1.0,0.0,0.0,1.0,0.0,0.0,1.0,0.0,0.0,1.0,0.0,0.0,1.0,0.0,0.0,1.0,0.0,0.0,1.0,0.0,0.0,1.0,0.0,0.0,1.0,0.0,0.0,0.0,1.0,0.0,1.0,0.0,1.0,0.0,1.0,0.0,1.0,0.0,1.0,0.0,1.0,0.0,1.0,0.0,1.0
0.6943855182206943,0.5475683816182347,0.44199477171790486,0.6293353815082381,0.9557157873637412,0.7319815345252224,0.6943855182206943,0.5475683816182347,0.44199477171790486,0.6293353815082381,0.9557157873637412,0.7319815345252224,1.0,0.0,1.0,0.0,1.0,0.0,1.0,0.0,1.0,0.0,1.0,0.0,1.0,0.0,1.0,0.0,1.0,0.0,1.0,0.0,0.0,1.0,0.0,0.0,1.0,0.0,0.0,1.0,0.0,0.0,1.0,0.0,0.0,0.0,0.0,1.0,0.0,0.0,1.0,0.0,0.0,1.0,0.0,0.0,1.0,0.0,1.0,0.0,1.0,0.0,1.0,0.0,1.0,0.0,1.0,0.0,1.0,0.0,1.0,0.0,1.0,0.0,1.0
-0.5732111769611072,-0.5871405457457035,-0.3968076193606223,-0.413895496824431,-0.5797818950580494,-0.5815512610777245,-0.5732111769611072,-0.5871405457457035,-0.3968076193606223,-0.413895496824431,-0.5797818950580494,-0.5815512610777245,0.0,1.0,0.0,1.0,0.0,1.0,0.0,1.0,0.0,1.0,0.0,1.0,0.0,1.0,0.0,1.0,0.0,1.0,0.0,0.0,1.0,0.0,0.0,1.0,0.0,0.0,1.0,0.0,0.0,1.0,0.0,0.0,1.0,0.0,0.0,1.0,0.0,0.0,1.0,0.0,0.0,1.0,0.0,0.0,1.0,0.0,1.0,0.0,1.0,0.0,1.0,0.0,1.0,0.0,1.0,0.0,1.0,0.0,1.0,0.0,1.0,0.0,1.0
-0.4961926435829725,-0.5262749327836532,-0.39247943364814275,-0.46847095524827287,-0.7042817071463028,-0.694992729788888,-0.4961926435829725,-0.5262749327836532,-0.39247943364814275,-0.46847095524827287,-0.7042817071463028,-0.694992729788888,1.0,0.0,1.0,0.0,1.0,0.0,1.0,0.0,1.0,0.0,0.0,1.0,0.0,1.0,0.0,1.0,0.0,1.0,1.0,0.0,0.0,1.0,0.0,0.0,1.0,0.0,0.0,1.0,0.0,0.0,1.0,0.0,0.0,1.0,0.0,0.0,1.0,0.0,0.0,1.0,0.0,0.0,1.0,0.0,0.0,0.0,1.0,0.0,1.0,0.0,1.0,0.0,1.0,0.0,1.0,0.0,1.0,0.0,1.0,0.0,1.0,0.0,1.0
-0.6791116603560425,-0.6682946963617706,-0.47211805075776553,-0.4915605722737444,-0.6020140043595232,-0.5740880065572531,-0.6791116603560425,-0.6682946963617706,-0.47211805075776553,-0.4915605722737444,-0.6020140043595232,-0.5740880065572531,1.0,0.0,1.0,0.0,0.0,1.0,0.0,1.0,0.0,1.0,0.0,1.0,0.0,1.0,0.0,1.0,0.0,1.0,1.0,0.0,0.0,1.0,0.0,0.0,0.0,0.0,1.0,0.0,0.0,1.0,0.0,0.0,1.0,0.0,0.0,1.0,0.0,0.0,1.0,0.0,0.0,1.0,0.0,0.0,1.0,0.0,1.0,0.0,1.0,0.0,1.0,0.0,1.0,0.0,1.0,0.0,1.0,0.0,1.0,0.0,1.0,0.0,1.0
0.5692304014812254,0.4156928868671257,0.562318334524835,0.03215392298581485,-0.004711334459927163,0.26179649973553115,0.5692304014812254,0.4156928868671257,0.562318334524835,0.03215392298581485,-0.004711334459927163,0.26179649973553115,1.0,0.0,1.0,0.0,1.0,0.0,1.0,0.0,1.0,0.0,1.0,0.0,1.0,0.0,1.0,0.0,1.0,0.0,0.0,1.0,0.0,0.0,1.0,0.0,0.0,1.0,0.0,1.0,0.0,0.0,1.0,0.0,0.0,1.0,0.0,0.0,1.0,0.0,0.0,1.0,0.0,0.0,1.0,0.0,0.0,1.0,0.0,1.0,0.0,1.0,0.0,0.0,1.0,0.0,1.0,0.0,1.0,0.0,1.0,0.0,1.0,0.0,1.0
-0.5828384936333741,-0.48714703873662085,-0.20377053658403654,-0.2942492995106239,-0.1425504121290647,-0.36063892727177427,-0.5828384936333741,-0.48714703873662085,-0.20377053658403654,-0.2942492995106239,-0.1425504121290647,-0.36063892727177427,1.0,0.0,1.0,0.0,1.0,0.0,1.0,0.0,1.0,0.0,1.0,0.0,0.0,1.0,0.0,1.0,0.0,1.0,0.0,1.0,0.0,0.0,1.0,0.0,0.0,1.0,0.0,1.0,0.0,0.0,1.0,0.0,0.0,1.0,0.0,0.0,1.0,0.0,0.0,1.0,0.0,0.0,1.0,0.0,0.0,1.0,0.0,1.0,0.0,1.0,0.0,0.0,1.0,0.0,1.0,0.0,1.0,0.0,1.0,0.0,1.0,0.0,1.0
0.11352273206396092,0.05338431286786898,-0.0401730364797817,-0.01613396942776386,-0.05956409770200813,-0.008386970363938422,0.11352273206396092,0.05338431286786898,-0.0401730364797817,-0.01613396942776386,-0.05956409770200813,-0.008386970363938422,0.0,1.0,0.0,1.0,0.0,1.0,0.0,1.0,0.0,1.0,0.0,1.0,0.0,1.0,0.0,1.0,0.0,1.0,1.0,0.0,0.0,1.0,0.0,0.0,1.0,0.0,0.0,1.0,0.0,0.0,1.0,0.0,0.0,1.0,0.0,0.0,1.0,0.0,0.0,1.0,0.0,0.0,1.0,0.0,0.0,0.0,1.0,0.0,1.0,0.0,1.0,0.0,1.0,0.0,1.0,0.0,1.0,0.0,1.0,0.0,1.0,0.0,1.0
-0.5138427241487951,-0.48714703873662085,-0.3751666907982248,-0.41704408096426804,-0.600531863739425,-0.6173748827759866,-0.5138427241487951,-0.48714703873662085,-0.3751666907982248,-0.41704408096426804,-0.600531863739425,-0.6173748827759866,1.0,0.0,1.0,0.0,1.0,0.0,0.0,1.0,0.0,1.0,0.0,1.0,0.0,1.0,0.0,1.0,0.0,1.0,1.0,0.0,0.0,1.0,0.0,0.0,1.0,0.0,0.0,0.0,0.0,1.0,0.0,0.0,1.0,0.0,0.0,1.0,0.0,0.0,1.0,0.0,0.0,1.0,0.0,0.0,1.0,0.0,1.0,0.0,1.0,0.0,1.0,0.0,1.0,0.0,1.0,0.0,1.0,0.0,1.0,0.0,1.0,0.0,1.0
0.37989317359331076,0.08672874061985363,-0.08171569949211463,-0.11163141940007619,-0.22703242747466518,-0.17853551697227485,0.37989317359331076,0.08672874061985363,-0.08171569949211463,-0.11163141940007619,-0.22703242747466518,-0.17853551697227485,1.0,0.0,1.0,0.0,1.0,0.0,1.0,0.0,1.0,0.0,1.0,0.0,1.0,0.0,0.0,1.0,0.0,1.0,1.0,0.0,0.0,1.0,0.0,0.0,1.0,0.0,0.0,1.0,0.0,0.0,1.0,0.0,0.0,1.0,0.0,0.0,1.0,0.0,0.0,1.0,0.0,0.0,1.0,0.0,0.0,0.0,1.0,0.0,1.0,0.0,1.0,0.0,1.0,0.0,1.0,0.0,1.0,0.0,1.0,0.0,1.0,0.0,1.0
-0.5154472769275062,-0.46251095729960046,-0.35698831080581084,-0.42124219315071737,-0.6227639730408988,-0.6711103153233801,-0.5154472769275062,-0.46251095729960046,-0.35698831080581084,-0.42124219315071737,-0.6227639730408988,-0.6711103153233801,1.0,0.0,0.0,1.0,0.0,1.0,0.0,1.0,0.0,1.0,0.0,1.0,0.0,1.0,0.0,1.0,0.0,1.0,1.0,0.0,0.0,1.0,0.0,0.0,1.0,0.0,0.0,1.0,0.0,0.0,1.0,0.0,0.0,1.0,0.0,0.0,0.0,0.0,1.0,0.0,0.0,1.0,0.0,0.0,1.0,0.0,1.0,0.0,1.0,0.0,1.0,0.0,1.0,0.0,1.0,0.0,1.0,0.0,1.0,0.0,1.0,0.0,1.0
0.8115178710666077,0.5403224753132286,0.15200632898177832,0.7899131726399268,-0.05956409770200813,-0.6666323626110972,0.8115178710666077,0.5403224753132286,0.15200632898177832,0.7899131726399268,-0.05956409770200813,-0.6666323626110972,1.0,0.0,1.0,0.0,1.0,0.0,1.0,0.0,1.0,0.0,1.0,0.0,1.0,0.0,1.0,0.0,1.0,0.0,1.0,0.0,0.0,1.0,0.0,0.0,1.0,0.0,0.0,1.0,0.0,0.0,1.0,0.0,0.0,1.0,0.0,0.0,1.0,0.0,0.0,1.0,0.0,0.0,1.0,0.0,0.0,0.0,1.0,0.0,1.0,0.0,1.0,0.0,1.0,0.0,1.0,0.0,1.0,0.0,1.0,0.0,1.0,0.0,1.0
-0.6582524742327978,-0.5987339958337131,-0.4374925650579296,-0.5062539649263172,-0.7442995038889557,-0.7338016532953388,-0.6582524742327978,-0.5987339958337131,-0.4374925650579296,-0.5062539649263172,-0.7442995038889557,-0.7338016532953388,1.0,0.0,0.0,1.0,0.0,1.0,0.0,1.0,0.0,1.0,0.0,1.0,0.0,1.0,0.0,1.0,0.0,1.0,1.0,0.0,0.0,1.0,0.0,0.0,1.0,0.0,0.0,1.0,0.0,0.0,1.0,0.0,0.0,1.0,0.0,0.0,0.0,0.0,1.0,0.0,0.0,1.0,0.0,0.0,1.0,0.0,1.0,0.0,1.0,0.0,1.0,0.0,1.0,0.0,1.0,0.0,1.0,0.0,1.0,0.0,1.0,0.0,1.0
-0.6438114992243975,-0.6320651648367407,-0.4400894764854173,-0.5020558527398679,-0.7191031133472854,-0.6711103153233801,-0.6438114992243975,-0.6320651648367407,-0.4400894764854173,-0.5020558527398679,-0.7191031133472854,-0.6711103153233801,0.0,1.0,0.0,1.0,0.0,1.0,0.0,1.0,0.0,1.0,0.0,1.0,0.0,1.0,0.0,1.0,0.0,1.0,1.0,0.0,0.0,1.0,0.0,0.0,1.0,0.0,0.0,1.0,0.0,0.0,1.0,0.0,0.0,0.0,0.0,1.0,0.0,0.0,1.0,0.0,0.0,1.0,0.0,0.0,1.0,0.0,1.0,0.0,1.0,0.0,1.0,0.0,1.0,0.0,1.0,0.0,1.0,0.0,1.0,0.0,1.0,0.0,1.0
0.11352273206396092,0.05338431286786898,-0.0401730364797817,-0.01613396942776386,-0.05956409770200813,-0.008386970363938422,0.11352273206396092,0.05338431286786898,-0.0401730364797817,-0.01613396942776386,-0.05956409770200813,-0.008386970363938422,1.0,0.0,1.0,0.0,1.0,0.0,1.0,0.0,1.0,0.0,1.0,0.0,1.0,0.0,1.0,0.0,1.0,0.0,0.0,1.0,0.0,0.0,1.0,0.0,1.0,0.0,0.0,1.0,0.0,0.0,1.0,0.0,0.0,1.0,0.0,0.0,1.0,0.0,0.0,1.0,0.0,0.0,1.0,0.0,0.0,1.0,0.0,1.0,0.0,0.0,1.0,0.0,1.0,0.0,1.0,0.0,1.0,0.0,1.0,0.0,1.0,0.0,1.0
2.213896999660145,1.5648936268410756,1.351779408481096,0.7647244995212304,0.47402008583180877,0.14238442740799068,2.213896999660145,1.5648936268410756,1.351779408481096,0.7647244995212304,0.47402008583180877,0.14238442740799068,1.0,0.0,1.0,0.0,1.0,0.0,1.0,0.0,1.0,0.0,1.0,0.0,0.0,1.0,0.0,1.0,0.0,1.0,1.0,0.0,0.0,1.0,0.0,0.0,1.0,0.0,0.0,1.0,0.0,0.0,1.0,0.0,0.0,1.0,0.0,0.0,1.0,0.0,0.0,1.0,0.0,0.0,1.0,0.0,0.0,0.0,1.0,0.0,1.0,0.0,1.0,0.0,1.0,0.0,1.0,0.0,1.0,0.0,1.0,0.0,1.0,0.0,1.0
-0.7352710076109326,-0.7030750466257993,-0.49722152789014673,-0.5755228160027319,-0.7917280037320997,-0.7681326240895068,-0.7352710076109326,-0.7030750466257993,-0.49722152789014673,-0.5755228160027319,-0.7917280037320997,-0.7681326240895068,1.0,0.0,1.0,0.0,1.0,0.0,1.0,0.0,0.0,1.0,0.0,1.0,0.0,1.0,0.0,1.0,0.0,1.0,1.0,0.0,0.0,1.0,0.0,0.0,1.0,0.0,0.0,0.0,0.0,1.0,0.0,0.0,1.0,0.0,0.0,1.0,0.0,0.0,1.0,0.0,0.0,1.0,0.0,0.0,1.0,0.0,1.0,0.0,1.0,0.0,1.0,0.0,1.0,0.0,1.0,0.0,1.0,0.0,1.0,0.0,1.0,0.0,1.0
-0.09986810724132066,-0.22194686797340157,-0.2531118537063029,-0.01613396942776386,-0.05956409770200813,-0.008386970363938422,-0.09986810724132066,-0.22194686797340157,-0.2531118537063029,-0.01613396942776386,-0.05956409770200813,-0.008386970363938422,0.0,1.0,0.0,1.0,0.0,1.0,0.0,1.0,0.0,1.0,0.0,1.0,0.0,1.0,0.0,1.0,0.0,1.0,1.0,0.0,0.0,0.0,0.0,1.0,0.0,0.0,1.0,0.0,0.0,1.0,0.0,0.0,1.0,0.0,0.0,1.0,0.0,0.0,1.0,0.0,0.0,1.0,0.0,0.0,1.0,0.0,1.0,0.0,1.0,0.0,1.0,0.0,1.0,0.0,1.0,0.0,1.0,0.0,1.0,0.0,1.0,0.0,1.0
-0.5635838602888404,-0.575547095657694,-0.4297018307754665,-0.4716195393881099,-0.6197996918007024,-0.47855834869522074,-0.5635838602888404,-0.575547095657694,-0.4297018307754665,-0.4716195393881099,-0.6197996918007024,-0.47855834869522074,1.0,0.0,1.0,0.0,1.0,0.0,1.0,0.0,1.0,0.0,1.0,0.0,1.0,0.0,1.0,0.0,1.0,0.0,0.0,1.0,0.0,0.0,1.0,0.0,0.0,1.0,0.0,0.0,1.0,0.0,0.0,1.0,0.0,0.0,1.0,0.0,0.0,1.0,0.0,0.0,1.0,0.0,0.0,1.0,0.0,1.0,0.0,1.0,0.0,1.0,0.0,1.0,0.0,1.0,0.0,1.0,0.0,1.0,0.0,1.0,0.0,1.0,0.0
-0.07900892111807584,-0.14948780492334166,-0.22541146514643404,-0.18614791070955256,0.02344933732193971,-0.15166780069857824,-0.07900892111807584,-0.14948780492334166,-0.22541146514643404,-0.18614791070955256,0.02344933732193971,-0.15166780069857824,1.0,0.0,1.0,0.0,1.0,0.0,1.0,0.0,1.0,0.0,1.0,0.0,1.0,0.0,1.0,0.0,1.0,0.0,1.0,0.0,0.0,1.0,0.0,0.0,1.0,0.0,0.0,1.0,0.0,0.0,1.0,0.0,0.0,1.0,0.0,0.0,1.0,0.0,0.0,1.0,0.0,0.0,1.0,0.0,0.0,0.0,1.0,0.0,1.0,0.0,1.0,0.0,1.0,0.0,1.0,0.0,1.0,0.0,1.0,0.0,1.0,0.0,1.0
-0.1881185100704334,-0.17702224888236448,0.14421559469931525,0.20217746653701457,0.47105580459161234,0.423002797377711,-0.1881185100704334,-0.17702224888236448,0.14421559469931525,0.20217746653701457,0.47105580459161234,0.423002797377711,1.0,0.0,1.0,0.0,1.0,0.0,0.0,1.0,0.0,1.0,0.0,1.0,0.0,1.0,0.0,1.0,0.0,1.0,1.0,0.0,0.0,1.0,0.0,0.0,1.0,0.0,0.0,0.0,0.0,1.0,0.0,0.0,1.0,0.0,0.0,1.0,0.0,0.0,1.0,0.0,0.0,1.0,0.0,0.0,1.0,0.0,1.0,0.0,1.0,0.0,1.0,0.0,1.0,0.0,1.0,0.0,1.0,0.0,1.0,0.0,1.0,0.0,1.0
-0.44966061300034943,-0.41758633820856333,-0.32063155082098305,-0.34567617379462867,-0.6064604262198181,-0.5621467993244992,-0.44966061300034943,-0.41758633820856333,-0.32063155082098305,-0.34567617379462867,-0.6064604262198181,-0.5621467993244992,0.0,1.0,0.0,1.0,0.0,1.0,0.0,1.0,0.0,1.0,0.0,1.0,0.0,1.0,0.0,1.0,0.0,1.0,1.0,0.0,0.0,0.0,0.0,1.0,0.0,0.0,1.0,0.0,0.0,1.0,0.0,0.0,1.0,0.0,0.0,1.0,0.0,0.0,1.0,0.0,0.0,1.0,0.0,0.0,1.0,0.0,1.0,0.0,1.0,0.0,1.0,0.0,1.0,0.0,1.0,0.0,1.0,0.0,1.0,0.0,1.0,0.0,1.0
-0.011617704412207774,-0.07702874187328175,-0.14577284803681126,0.05314448391806173,0.22205618041510553,0.08417104214831451,-0.011617704412207774,-0.07702874187328175,-0.14577284803681126,0.05314448391806173,0.22205618041510553,0.08417104214831451,1.0,0.0,1.0,0.0,1.0,0.0,0.0,1.0,0.0,1.0,0.0,1.0,0.0,1.0,0.0,1.0,0.0,1.0,1.0,0.0,0.0,1.0,0.0,0.0,1.0,0.0,0.0,0.0,0.0,1.0,0.0,0.0,1.0,0.0,0.0,1.0,0.0,0.0,1.0,0.0,0.0,1.0,0.0,0.0,1.0,0.0,1.0,0.0,1.0,0.0,1.0,0.0,1.0,0.0,1.0,0.0,1.0,0.0,1.0,0.0,1.0,0.0,1.0
-0.8524033604568458,-0.8074160974178857,-0.520593730737536,-0.600711489121428,-0.8391565035752439,-0.8606769801433507,-0.8524033604568458,-0.8074160974178857,-0.520593730737536,-0.600711489121428,-0.8391565035752439,-0.8606769801433507,1.0,0.0,1.0,0.0,1.0,0.0,1.0,0.0,1.0,0.0,1.0,0.0,1.0,0.0,1.0,0.0,1.0,0.0,0.0,1.0,0.0,0.0,1.0,0.0,0.0,1.0,0.0,0.0,1.0,0.0,0.0,1.0,0.0,0.0,1.0,0.0,0.0,1.0,0.0,0.0,1.0,0.0,0.0,1.0,0.0,1.0,0.0,1.0,0.0,1.0,0.0,1.0,0.0,1.0,0.0,1.0,0.0,1.0,0.0,1.0,0.0,1.0,0.0
5.092464684667933,6.306614712836995,8.160881171353846,11.290441278996422,-0.05956409770200813,-0.008386970363938422,5.092464684667933,6.306614712836995,8.160881171353846,11.290441278996422,-0.05956409770200813,-0.008386970363938422,0.0,1.0,0.0,1.0,0.0,1.0,0.0,1.0,0.0,1.0,0.0,1.0,0.0,1.0,0.0,1.0,0.0,1.0,1.0,0.0,0.0,1.0,0.0,0.0,1.0,0.0,0.0,1.0,0.0,0.0,1.0,0.0,0.0,1.0,0.0,0.0,1.0,0.0,0.0,1.0,0.0,0.0,1.0,0.0,0.0,0.0,1.0,0.0,1.0,0.0,1.0,0.0,1.0,0.0,1.0,0.0,1.0,0.0,1.0,0.0,1.0,0.0,1.0
-0.5571656491739959,-0.5509110142206736,-0.40113580507310176,-0.5083530210195418,-0.7309602383080714,-0.7382796060076215,-0.5571656491739959,-0.5509110142206736,-0.40113580507310176,-0.5083530210195418,-0.7309602383080714,-0.7382796060076215,1.0,0.0,0.0,1.0,0.0,1.0,0.0,1.0,0.0,1.0,0.0,1.0,0.0,1.0,0.0,1.0,0.0,1.0,1.0,0.0,0.0,1.0,0.0,0.0,1.0,0.0,0.0,1.0,0.0,0.0,1.0,0.0,0.0,0.0,0.0,1.0,0.0,0.0,1.0,0.0,0.0,1.0,0.0,0.0,1.0,0.0,1.0,0.0,1.0,0.0,1.0,0.0,1.0,0.0,1.0,0.0,1.0,0.0,1.0,0.0,1.0,0.0,1.0
0.11352273206396092,0.24758786059098656,0.0022511033299876617,0.02480722665952851,0.07680639964547675,0.1229799656547652,0.11352273206396092,0.24758786059098656,0.0022511033299876617,0.02480722665952851,0.07680639964547675,0.1229799656547652,1.0,0.0,1.0,0.0,1.0,0.0,1.0,0.0,0.0,1.0,0.0,1.0,0.0,1.0,0.0,1.0,0.0,1.0,0.0,1.0,0.0,0.0,1.0,0.0,0.0,1.0,0.0,0.0,1.0,0.0,1.0,0.0,0.0,1.0,0.0,0.0,1.0,0.0,0.0,1.0,0.0,0.0,1.0,0.0,0.0,1.0,0.0,1.0,0.0,1.0,0.0,1.0,0.0,0.0,1.0,0.0,1.0,0.0,1.0,0.0,1.0,0.0,1.0
0.5451621098005582,0.9258046907395474,0.15460324040926612,-0.021372007391414635,0.6889304757460554,0.046854769545958075,0.5451621098005582,0.9258046907395474,0.15460324040926612,-0.021372007391414635,0.6889304757460554,0.046854769545958075,1.0,0.0,1.0,0.0,1.0,0.0,0.0,1.0,0.0,1.0,0.0,1.0,0.0,1.0,0.0,1.0,0.0,1.0,0.0,1.0,0.0,0.0,1.0,0.0,0.0,1.0,0.0,0.0,1.0,0.0,1.0,0.0,0.0,1.0,0.0,0.0,1.0,0.0,0.0,0.0,0.0,1.0,0.0,0.0,1.0,1.0,0.0,1.0,0.0,1.0,0.0,1.0,0.0,0.0,1.0,0.0,1.0,0.0,1.0,0.0,1.0,0.0,1.0
0.36224309302748803,0.1838238851069339,0.28185190035616337,0.4435689172578534,1.3707151609912522,1.3559096124366221,0.36224309302748803,0.1838238851069339,0.28185190035616337,0.4435689172578534,1.3707151609912522,1.3559096124366221,1.0,0.0,1.0,0.0,1.0,0.0,1.0,0.0,1.0,0.0,1.0,0.0,1.0,0.0,1.0,0.0,1.0,0.0,1.0,0.0,0.0,1.0,0.0,0.0,1.0,0.0,0.0,1.0,0.0,0.0,0.0,0.0,1.0,0.0,0.0,1.0,0.0,0.0,1.0,0.0,0.0,1.0,0.0,0.0,1.0,0.0,1.0,0.0,1.0,0.0,1.0,0.0,1.0,0.0,1.0,0.0,1.0,0.0,1.0,0.0,1.0,0.0,1.0
-0.7128072687089765,-0.6740914214057754,-0.4669242279027902,-0.5261949978119517,-0.7428173632688573,-0.689022126172511,-0.7128072687089765,-0.6740914214057754,-0.4669242279027902,-0.5261949978119517,-0.7428173632688573,-0.689022126172511,0.0,1.0,0.0,1.0,0.0,1.0,0.0,1.0,0.0,1.0,0.0,1.0,0.0,1.0,0.0,1.0,0.0,1.0,1.0,0.0,0.0,1.0,0.0,0.0,1.0,0.0,0.0,1.0,0.0,0.0,1.0,0.0,0.0,0.0,0.0,1.0,0.0,0.0,1.0,0.0,0.0,1.0,0.0,0.0,1.0,0.0,1.0,0.0,1.0,0.0,1.0,0.0,1.0,0.0,1.0,0.0,1.0,0.0,1.0,0.0,1.0,0.0,1.0
-0.6229523131011526,-0.5827930019626999,-0.425373645062987,-0.4642728430618235,-0.5990497231193268,-0.5830439119818187,-0.6229523131011526,-0.5827930019626999,-0.425373645062987,-0.4642728430618235,-0.5990497231193268,-0.5830439119818187,0.0,1.0,0.0,1.0,0.0,1.0,0.0,1.0,0.0,1.0,0.0,1.0,0.0,1.0,0.0,1.0,0.0,1.0,1.0,0.0,0.0,1.0,0.0,0.0,0.0,0.0,1.0,0.0,0.0,1.0,0.0,0.0,1.0,0.0,0.0,1.0,0.0,0.0,1.0,0.0,0.0,1.0,0.0,0.0,1.0,0.0,1.0,0.0,1.0,0.0,1.0,0.0,1.0,0.0,1.0,0.0,1.0,0.0,1.0,0.0,1.0,0.0,1.0
-0.6069067853140413,-0.5827930019626999,-0.39421070793313456,-0.4653223711084358,-0.6642639104036498,-0.7397722569117158,-0.6069067853140413,-0.5827930019626999,-0.39421070793313456,-0.4653223711084358,-0.6642639104036498,-0.7397722569117158,1.0,0.0,1.0,0.0,1.0,0.0,1.0,0.0,0.0,1.0,0.0,1.0,0.0,1.0,0.0,1.0,0.0,1.0,1.0,0.0,0.0,1.0,0.0,0.0,1.0,0.0,0.0,1.0,0.0,0.0,1.0,0.0,0.0,1.0,0.0,0.0,1.0,0.0,0.0,1.0,0.0,0.0,1.0,0.0,0.0,0.0,1.0,0.0,1.0,0.0,1.0,0.0,1.0,0.0,1.0,0.0,1.0,0.0,1.0,0.0,1.0,0.0,1.0
0.08626001508917175,0.8301587275134683,0.5553932373848678,1.0900781939710569,1.6715897068711973,2.2291103913317634,0.08626001508917175,0.8301587275134683,0.5553932373848678,1.0900781939710569,1.6715897068711973,2.2291103913317634,0.0,1.0,0.0,1.0,0.0,1.0,0.0,1.0,0.0,1.0,0.0,1.0,0.0,1.0,0.0,1.0,0.0,1.0,0.0,1.0,0.0,0.0,1.0,0.0,1.0,0.0,0.0,1.0,0.0,0.0,1.0,0.0,0.0,1.0,0.0,0.0,1.0,0.0,0.0,0.0,0.0,1.0,0.0,0.0,1.0,1.0,0.0,1.0,0.0,0.0,1.0,0.0,1.0,0.0,1.0,0.0,1.0,0.0,1.0,0.0,1.0,0.0,1.0
-0.5058199602552393,-0.503088032607634,-0.3751666907982248,-0.37086484691332494,-0.459728504830091,-0.5054260649689173,-0.5058199602552393,-0.503088032607634,-0.3751666907982248,-0.37086484691332494,-0.459728504830091,-0.5054260649689173,1.0,0.0,1.0,0.0,1.0,0.0,1.0,0.0,1.0,0.0,1.0,0.0,0.0,1.0,0.0,1.0,0.0,1.0,1.0,0.0,0.0,1.0,0.0,0.0,1.0,0.0,0.0,1.0,0.0,0.0,1.0,0.0,0.0,1.0,0.0,0.0,0.0,0.0,1.0,0.0,0.0,1.0,0.0,0.0,1.0,0.0,1.0,0.0,1.0,0.0,1.0,0.0,1.0,0.0,1.0,0.0,1.0,0.0,1.0,0.0,1.0,0.0,1.0
-0.6775071075773315,-0.6653963338397683,-0.4634616793328066,-0.5293435819517888,-0.7650494725703312,-0.7263383987748675,-0.6775071075773315,-0.6653963338397683,-0.4634616793328066,-0.5293435819517888,-0.7650494725703312,-0.7263383987748675,0.0,1.0,0.0,1.0,0.0,1.0,0.0,1.0,0.0,1.0,0.0,1.0,0.0,1.0,0.0,1.0,0.0,1.0,1.0,0.0,0.0,1.0,0.0,0.0,1.0,0.0,0.0,1.0,0.0,0.0,1.0,0.0,0.0,0.0,0.0,1.0,0.0,0.0,1.0,0.0,0.0,1.0,0.0,0.0,1.0,0.0,1.0,0.0,1.0,0.0,1.0,0.0,1.0,0.0,1.0,0.0,1.0,0.0,1.0,0.0,1.0,0.0,1.0
-0.11109997669229855,-0.2654223058034376,-0.042762028079799105,-0.1934946070358389,-0.43601425490851886,-0.24271950584832788,-0.11109997669229855,-0.2654223058034376,-0.042762028079799105,-0.1934946070358389,-0.43601425490851886,-0.24271950584832788,1.0,0.0,1.0,0.0,1.0,0.0,0.0,1.0,0.0,1.0,0.0,1.0,0.0,1.0,0.0,1.0,0.0,1.0,1.0,0.0,0.0,1.0,0.0,0.0,1.0,0.0,0.0,1.0,0.0,0.0,1.0,0.0,0.0,1.0,0.0,0.0,0.0,0.0,1.0,0.0,0.0,1.0,0.0,0.0,1.0,0.0,1.0,0.0,1.0,0.0,1.0,0.0,1.0,0.0,1.0,0.0,1.0,0.0,1.0,0.0,1.0,0.0,1.0
-0.5748157297398184,-0.5262749327836532,-0.38641997365067143,-0.4065488004981446,-0.576817613817853,-0.6263307882005522,-0.5748157297398184,-0.5262749327836532,-0.38641997365067143,-0.4065488004981446,-0.576817613817853,-0.6263307882005522,0.0,1.0,0.0,1.0,0.0,1.0,0.0,1.0,0.0,1.0,0.0,1.0,0.0,1.0,0.0,1.0,0.0,1.0,1.0,0.0,0.0,1.0,0.0,0.0,1.0,0.0,0.0,1.0,0.0,0.0,1.0,0.0,0.0,0.0,0.0,1.0,0.0,0.0,1.0,0.0,0.0,1.0,0.0,0.0,1.0,0.0,1.0,0.0,1.0,0.0,1.0,0.0,1.0,0.0,1.0,0.0,1.0,0.0,1.0,0.0,1.0,0.0,1.0
0.11352273206396092,-0.4030945255985514,-0.31370645368101585,-0.36456767863365086,-0.05956409770200813,-0.5516982429958394,0.11352273206396092,-0.4030945255985514,-0.31370645368101585,-0.36456767863365086,-0.05956409770200813,-0.5516982429958394,1.0,0.0,1.0,0.0,1.0,0.0,1.0,0.0,1.0,0.0,1.0,0.0,1.0,0.0,1.0,0.0,1.0,0.0,0.0,1.0,0.0,0.0,1.0,0.0,0.0,1.0,0.0,0.0,1.0,0.0,0.0,1.0,0.0,0.0,1.0,0.0,0.0,1.0,0.0,0.0,1.0,0.0,0.0,1.0,0.0,1.0,0.0,1.0,0.0,1.0,0.0,1.0,0.0,1.0,0.0,1.0,0.0,1.0,0.0,1.0,0.0,1.0,0.0
-0.046917865543852987,0.04470248405081888,-0.05661222235973352,-0.038164456137212144,-0.10697903724670658,-0.10241032086346771,-0.046917865543852987,0.04470248405081888,-0.05661222235973352,-0.038164456137212144,-0.10697903724670658,-0.10241032086346771,1.0,0.0,1.0,0.0,1.0,0.0,1.0,0.0,1.0,0.0,1.0,0.0,1.0,0.0,1.0,0.0,1.0,0.0,1.0,0.0,0.0,1.0,0.0,0.0,1.0,0.0,0.0,1.0,0.0,0.0,1.0,0.0,0.0,1.0,0.0,0.0,1.0,0.0,0.0,1.0,0.0,0.0,1.0,0.0,0.0,0.0,1.0,0.0,1.0,0.0,1.0,0.0,1.0,0.0,1.0,0.0,1.0,0.0,1.0,0.0,1.0,0.0,1.0
0.14402391512277288,0.05338431286786898,-0.10249099091201624,-0.01613396942776386,-0.25519309925653194,-0.008386970363938422,0.14402391512277288,0.05338431286786898,-0.10249099091201624,-0.01613396942776386,-0.25519309925653194,-0.008386970363938422,1.0,0.0,1.0,0.0,1.0,0.0,0.0,1.0,0.0,1.0,0.0,1.0,0.0,1.0,0.0,1.0,0.0,1.0,1.0,0.0,0.0,1.0,0.0,0.0,1.0,0.0,0.0,1.0,0.0,0.0,1.0,0.0,0.0,1.0,0.0,0.0,1.0,0.0,0.0,1.0,0.0,0.0,1.0,0.0,0.0,0.0,1.0,0.0,1.0,0.0,1.0,0.0,1.0,0.0,1.0,0.0,1.0,0.0,1.0,0.0,1.0,0.0,1.0
0.4456798375204673,0.35192891138307275,0.37620634888821647,0.3617057296220907,-0.05956409770200813,0.15134033283255616,0.4456798375204673,0.35192891138307275,0.37620634888821647,0.3617057296220907,-0.05956409770200813,0.15134033283255616,1.0,0.0,1.0,0.0,1.0,0.0,1.0,0.0,1.0,0.0,1.0,0.0,1.0,0.0,1.0,0.0,1.0,0.0,0.0,1.0,0.0,0.0,1.0,0.0,0.0,1.0,0.0,0.0,1.0,0.0,0.0,1.0,0.0,0.0,1.0,0.0,0.0,1.0,0.0,0.0,1.0,0.0,0.0,1.0,0.0,1.0,0.0,1.0,0.0,1.0,0.0,1.0,0.0,1.0,0.0,1.0,0.0,1.0,0.0,1.0,0.0,1.0,0.0
-0.48496077413199445,-0.49439294504162684,-0.34746630223835595,-0.38136012737944835,-0.6301746761413901,-0.7979856421713919,-0.48496077413199445,-0.49439294504162684,-0.34746630223835595,-0.38136012737944835,-0.6301746761413901,-0.7979856421713919,1.0,0.0,1.0,0.0,1.0,0.0,1.0,0.0,1.0,0.0,1.0,0.0,0.0,1.0,0.0,1.0,0.0,1.0,1.0,0.0,0.0,1.0,0.0,0.0,1.0,0.0,0.0,1.0,0.0,0.0,1.0,0.0,0.0,1.0,0.0,0.0,0.0,0.0,1.0,0.0,0.0,1.0,0.0,0.0,1.0,0.0,1.0,0.0,1.0,0.0,1.0,0.0,1.0,0.0,1.0,0.0,1.0,0.0,1.0,0.0,1.0,0.0,1.0
0.11352273206396092,0.05338431286786898,0.35369978318332307,-0.01613396942776386,-0.05956409770200813,0.6752608001696407,0.11352273206396092,0.05338431286786898,0.35369978318332307,-0.01613396942776386,-0.05956409770200813,0.6752608001696407,1.0,0.0,1.0,0.0,1.0,0.0,1.0,0.0,1.0,0.0,1.0,0.0,1.0,0.0,1.0,0.0,1.0,0.0,0.0,1.0,0.0,0.0,1.0,0.0,0.0,1.0,0.0,0.0,1.0,0.0,0.0,1.0,0.0,0.0,1.0,0.0,0.0,1.0,0.0,0.0,1.0,0.0,0.0,1.0,0.0,1.0,0.0,1.0,0.0,1.0,0.0,1.0,0.0,1.0,0.0,1.0,0.0,1.0,0.0,1.0,0.0,1.0,0.0
0.3542203291339323,0.24324031680798305,0.11218702042696702,0.18118690560476758,0.3658238205646362,0.4259880991858997,0.3542203291339323,0.24324031680798305,0.11218702042696702,0.18118690560476758,0.3658238205646362,0.4259880991858997,1.0,0.0,1.0,0.0,1.0,0.0,1.0,0.0,1.0,0.0,1.0,0.0,1.0,0.0,1.0,0.0,1.0,0.0,1.0,0.0,0.0,1.0,0.0,0.0,0.0,0.0,1.0,0.0,0.0,1.0,0.0,0.0,1.0,0.0,0.0,1.0,0.0,0.0,1.0,0.0,0.0,1.0,0.0,0.0,1.0,0.0,1.0,0.0,1.0,0.0,1.0,0.0,1.0,0.0,1.0,0.0,1.0,0.0,1.0,0.0,1.0,0.0,1.0
-0.5074245130339504,-0.4465699634285873,-0.32928792224594206,-0.40025163221847054,-0.5723711919575583,-0.5039334140648231,-0.5074245130339504,-0.4465699634285873,-0.32928792224594206,-0.40025163221847054,-0.5723711919575583,-0.5039334140648231,0.0,1.0,0.0,1.0,0.0,1.0,0.0,1.0,0.0,1.0,0.0,1.0,0.0,1.0,0.0,1.0,0.0,1.0,1.0,0.0,0.0,1.0,0.0,0.0,1.0,0.0,0.0,0.0,0.0,1.0,0.0,0.0,1.0,0.0,0.0,1.0,0.0,0.0,1.0,0.0,0.0,1.0,0.0,0.0,1.0,0.0,1.0,0.0,1.0,0.0,1.0,0.0,1.0,0.0,1.0,0.0,1.0,0.0,1.0,0.0,1.0,0.0,1.0
-0.6470206047818199,-0.6088782646607215,-0.4548053079078476,-0.52094735757889,-0.7517102069894469,-0.74126490781581,-0.6470206047818199,-0.6088782646607215,-0.4548053079078476,-0.52094735757889,-0.7517102069894469,-0.74126490781581,0.0,1.0,0.0,1.0,0.0,1.0,0.0,1.0,0.0,1.0,0.0,1.0,0.0,1.0,0.0,1.0,0.0,1.0,1.0,0.0,0.0,1.0,0.0,0.0,1.0,0.0,0.0,0.0,0.0,1.0,0.0,0.0,1.0,0.0,0.0,1.0,0.0,0.0,1.0,0.0,0.0,1.0,0.0,0.0,1.0,0.0,1.0,0.0,1.0,0.0,1.0,0.0,1.0,0.0,1.0,0.0,1.0,0.0,1.0,0.0,1.0,0.0,1.0
1.076269079553946,1.193903224024769,0.5770341659472653,0.7321891300762478,0.9438586624029551,0.4856941353496698,1.076269079553946,1.193903224024769,0.5770341659472653,0.7321891300762478,0.9438586624029551,0.4856941353496698,0.0,1.0,0.0,1.0,0.0,1.0,0.0,1.0,0.0,1.0,0.0,1.0,0.0,1.0,0.0,1.0,0.0,1.0,0.0,0.0,1.0,0.0,0.0,1.0,0.0,0.0,1.0,0.0,0.0,1.0,0.0,0.0,1.0,0.0,0.0,1.0,0.0,0.0,1.0,0.0,0.0,1.0,0.0,0.0,1.0,0.0,1.0,0.0,1.0,0.0,1.0,0.0,1.0,0.0,1.0,0.0,1.0,0.0,1.0,0.0,1.0,0.0,1.0
-0.1624456656110551,-0.25093049319342553,-0.20896435943901198,-0.1441667888450588,-0.2240681462344686,-0.2307782986155738,-0.1624456656110551,-0.25093049319342553,-0.20896435943901198,-0.1441667888450588,-0.2240681462344686,-0.2307782986155738,1.0,0.0,1.0,0.0,1.0,0.0,1.0,0.0,1.0,0.0,1.0,0.0,1.0,0.0,1.0,0.0,1.0,0.0,1.0,0.0,0.0,1.0,0.0,0.0,1.0,0.0,0.0,1.0,0.0,0.0,0.0,0.0,1.0,0.0,0.0,1.0,0.0,0.0,1.0,0.0,0.0,1.0,0.0,0.0,1.0,0.0,1.0,0.0,1.0,0.0,1.0,0.0,1.0,0.0,1.0,0.0,1.0,0.0,1.0,0.0,1.0,0.0,1.0
-0.7384801131683548,-0.7465504844558353,-0.5136686335975688,-0.5156997173458283,-0.4686213485506805,-0.6531985044742488,-0.7384801131683548,-0.7465504844558353,-0.5136686335975688,-0.5156997173458283,-0.4686213485506805,-0.6531985044742488,0.0,1.0,0.0,1.0,0.0,1.0,0.0,1.0,0.0,1.0,0.0,1.0,0.0,1.0,0.0,1.0,0.0,1.0,1.0,0.0,0.0,0.0,0.0,1.0,0.0,0.0,1.0,0.0,0.0,1.0,0.0,0.0,1.0,0.0,0.0,1.0,0.0,0.0,1.0,0.0,0.0,1.0,0.0,0.0,1.0,0.0,1.0,0.0,1.0,0.0,1.0,0.0,1.0,0.0,1.0,0.0,1.0,0.0,1.0,0.0,1.0,0.0,1.0
-0.8219168576613343,-0.7914751035468726,-0.5214593678800319,-0.6196029939604503,-0.8717635972174054,-0.8591843292392565,-0.8219168576613343,-0.7914751035468726,-0.5214593678800319,-0.6196029939604503,-0.8717635972174054,-0.8591843292392565,1.0,0.0,1.0,0.0,1.0,0.0,1.0,0.0,1.0,0.0,1.0,0.0,1.0,0.0,0.0,1.0,0.0,1.0,1.0,0.0,0.0,1.0,0.0,0.0,1.0,0.0,0.0,0.0,0.0,1.0,0.0,0.0,1.0,0.0,0.0,1.0,0.0,0.0,1.0,0.0,0.0,1.0,0.0,0.0,1.0,0.0,1.0,0.0,1.0,0.0,1.0,0.0,1.0,0.0,1.0,0.0,1.0,0.0,1.0,0.0,1.0,0.0,1.0
-0.5411201213868845,-0.5509110142206736,-0.43489565363044186,-0.5041549088330926,-0.7502280663693486,-0.7308163514871503,-0.5411201213868845,-0.5509110142206736,-0.43489565363044186,-0.5041549088330926,-0.7502280663693486,-0.7308163514871503,1.0,0.0,1.0,0.0,1.0,0.0,1.0,0.0,1.0,0.0,1.0,0.0,1.0,0.0,1.0,0.0,1.0,0.0,1.0,0.0,0.0,1.0,0.0,0.0,1.0,0.0,0.0,0.0,0.0,1.0,0.0,0.0,1.0,0.0,0.0,1.0,0.0,0.0,1.0,0.0,0.0,1.0,0.0,0.0,1.0,0.0,1.0,0.0,1.0,0.0,1.0,0.0,1.0,0.0,1.0,0.0,1.0,0.0,1.0,0.0,1.0,0.0,1.0
-0.6357887353308418,-0.5668520080916868,-0.38728561079316737,-0.44748039431602593,-0.6924245821855167,-0.6800662207479455,-0.6357887353308418,-0.5668520080916868,-0.38728561079316737,-0.44748039431602593,-0.6924245821855167,-0.6800662207479455,1.0,0.0,1.0,0.0,1.0,0.0,1.0,0.0,1.0,0.0,1.0,0.0,1.0,0.0,0.0,1.0,0.0,1.0,1.0,0.0,0.0,1.0,0.0,0.0,1.0,0.0,0.0,1.0,0.0,0.0,1.0,0.0,0.0,1.0,0.0,0.0,1.0,0.0,0.0,1.0,0.0,0.0,1.0,0.0,0.0,0.0,1.0,0.0,1.0,0.0,1.0,0.0,1.0,0.0,1.0,0.0,1.0,0.0,1.0,0.0,1.0,0.0,1.0
-0.6277659714372861,-0.6161241709657276,-0.4409551136279132,-0.4999567966466431,-0.7042817071463028,-0.6935000788847938,-0.6277659714372861,-0.6161241709657276,-0.4409551136279132,-0.4999567966466431,-0.7042817071463028,-0.6935000788847938,0.0,1.0,0.0,1.0,0.0,1.0,0.0,1.0,0.0,1.0,0.0,1.0,0.0,1.0,0.0,1.0,0.0,1.0,1.0,0.0,0.0,1.0,0.0,0.0,1.0,0.0,0.0,1.0,0.0,0.0,1.0,0.0,0.0,0.0,0.0,1.0,0.0,0.0,1.0,0.0,0.0,1.0,0.0,0.0,1.0,0.0,1.0,0.0,1.0,0.0,1.0,0.0,1.0,0.0,1.0,0.0,1.0,0.0,1.0,0.0,1.0,0.0,1.0
1.259188096327016,1.157673692499739,0.7250581173140642,1.0344532075006025,1.4803935668785229,1.215600427451762,1.259188096327016,1.157673692499739,0.7250581173140642,1.0344532075006025,1.4803935668785229,1.215600427451762,1.0,0.0,1.0,0.0,1.0,0.0,1.0,0.0,1.0,0.0,1.0,0.0,1.0,0.0,1.0,0.0,1.0,0.0,1.0,0.0,0.0,1.0,0.0,0.0,1.0,0.0,0.0,1.0,0.0,0.0,0.0,0.0,1.0,0.0,0.0,1.0,0.0,0.0,1.0,0.0,0.0,1.0,0.0,0.0,1.0,0.0,1.0,0.0,1.0,0.0,1.0,0.0,1.0,0.0,1.0,0.0,1.0,0.0,1.0,0.0,1.0,0.0,1.0
-0.7577347465128885,-0.7320586718458234,-0.511071722170081,-0.5902162086553047,-0.8421207848154404,-0.7711179258976952,-0.7577347465128885,-0.7320586718458234,-0.511071722170081,-0.5902162086553047,-0.8421207848154404,-0.7711179258976952,1.0,0.0,1.0,0.0,1.0,0.0,1.0,0.0,1.0,0.0,1.0,0.0,1.0,0.0,1.0,0.0,1.0,0.0,1.0,0.0,0.0,1.0,0.0,0.0,1.0,0.0,0.0,1.0,0.0,0.0,1.0,0.0,0.0,1.0,0.0,0.0,1.0,0.0,0.0,1.0,0.0,0.0,1.0,0.0,0.0,0.0,1.0,0.0,1.0,0.0,1.0,0.0,1.0,0.0,1.0,0.0,1.0,0.0,1.0,0.0,1.0,0.0,1.0
-0.2892053351292353,-0.29150756850145915,-0.22021764229145868,-0.008777670832066504,0.07828854026557511,0.04088416592958104,-0.2892053351292353,-0.29150756850145915,-0.22021764229145868,-0.008777670832066504,0.07828854026557511,0.04088416592958104,1.0,0.0,0.0,1.0,0.0,1.0,0.0,1.0,0.0,1.0,0.0,1.0,0.0,1.0,0.0,1.0,0.0,1.0,0.0,0.0,1.0,0.0,0.0,1.0,0.0,0.0,1.0,0.0,0.0,1.0,0.0,0.0,1.0,0.0,0.0,1.0,0.0,0.0,1.0,0.0,0.0,1.0,0.0,0.0,1.0,0.0,1.0,0.0,1.0,0.0,1.0,0.0,1.0,0.0,1.0,0.0,1.0,0.0,1.0,0.0,1.0,0.0,1.0
-0.8106849882103562,-0.7508980282388389,-0.5041466250301139,-0.5828695123290183,-0.8436029254355386,-0.7994782930754861,-0.8106849882103562,-0.7508980282388389,-0.5041466250301139,-0.5828695123290183,-0.8436029254355386,-0.7994782930754861,0.0,1.0,0.0,1.0,0.0,1.0,0.0,1.0,0.0,1.0,0.0,1.0,0.0,1.0,0.0,1.0,0.0,1.0,1.0,0.0,0.0,1.0,0.0,0.0,1.0,0.0,0.0,0.0,0.0,1.0,0.0,0.0,1.0,0.0,0.0,1.0,0.0,0.0,1.0,0.0,0.0,1.0,0.0,0.0,1.0,0.0,1.0,0.0,1.0,0.0,1.0,0.0,1.0,0.0,1.0,0.0,1.0,0.0,1.0,0.0,1.0,0.0,1.0
0.29966553465775353,0.1388992660158967,0.055920606164733475,-0.016124367158352935,0.6652162258244834,1.2932182744646634,0.29966553465775353,0.1388992660158967,0.055920606164733475,-0.016124367158352935,0.6652162258244834,1.2932182744646634,0.0,1.0,0.0,1.0,0.0,1.0,0.0,1.0,0.0,1.0,0.0,1.0,0.0,1.0,0.0,1.0,0.0,1.0,1.0,0.0,0.0,1.0,0.0,0.0,1.0,0.0,0.0,1.0,0.0,0.0,0.0,0.0,1.0,0.0,0.0,1.0,0.0,0.0,1.0,0.0,0.0,1.0,0.0,0.0,1.0,0.0,1.0,0.0,1.0,0.0,1.0,0.0,1.0,0.0,1.0,0.0,1.0,0.0,1.0,0.0,1.0,0.0,1.0
3.5488849115478147,2.9720486312732386,1.8339392968513124,2.0818821980197213,3.021819811780707,2.187316166017124,3.5488849115478147,2.9720486312732386,1.8339392968513124,2.0818821980197213,3.021819811780707,2.187316166017124,1.0,0.0,1.0,0.0,1.0,0.0,1.0,0.0,0.0,1.0,0.0,1.0,0.0,1.0,0.0,1.0,0.0,1.0,0.0,1.0,0.0,0.0,1.0,0.0,0.0,1.0,0.0,0.0,1.0,0.0,1.0,0.0,0.0,1.0,0.0,0.0,1.0,0.0,0.0,1.0,0.0,0.0,1.0,0.0,0.0,1.0,0.0,1.0,0.0,1.0,0.0,1.0,0.0,0.0,1.0,0.0,1.0,0.0,1.0,0.0,1.0,0.0,1.0
-0.842776043784579,-0.7900259222858712,-0.5153999078825605,-0.5965133769349787,-0.8376743629551456,-0.8651549328556334,-0.842776043784579,-0.7900259222858712,-0.5153999078825605,-0.5965133769349787,-0.8376743629551456,-0.8651549328556334,0.0,1.0,0.0,1.0,0.0,1.0,0.0,1.0,0.0,1.0,0.0,1.0,0.0,1.0,0.0,1.0,0.0,1.0,1.0,0.0,0.0,1.0,0.0,0.0,1.0,0.0,0.0,0.0,0.0,1.0,0.0,0.0,1.0,0.0,0.0,1.0,0.0,0.0,1.0,0.0,0.0,1.0,0.0,0.0,1.0,0.0,1.0,0.0,1.0,0.0,1.0,0.0,1.0,0.0,1.0,0.0,1.0,0.0,1.0,0.0,1.0,0.0,1.0
-0.23625509343176762,-0.1523861674453441,0.00138546618749178,0.06573882047740987,0.31394889886119737,0.3468776012689039,-0.23625509343176762,-0.1523861674453441,0.00138546618749178,0.06573882047740987,0.31394889886119737,0.3468776012689039,1.0,0.0,1.0,0.0,0.0,1.0,0.0,1.0,0.0,1.0,0.0,1.0,0.0,1.0,0.0,1.0,0.0,1.0,1.0,0.0,0.0,0.0,0.0,1.0,0.0,0.0,1.0,0.0,0.0,1.0,0.0,0.0,1.0,0.0,0.0,1.0,0.0,0.0,1.0,0.0,0.0,1.0,0.0,0.0,1.0,0.0,1.0,0.0,1.0,0.0,1.0,0.0,1.0,0.0,1.0,0.0,1.0,0.0,1.0,0.0,1.0,0.0,1.0
-0.16405021838976622,-0.16397961753335372,-0.2790809679811799,-0.35512192621413974,-0.5679247700972635,-0.6069263264473269,-0.16405021838976622,-0.16397961753335372,-0.2790809679811799,-0.35512192621413974,-0.5679247700972635,-0.6069263264473269,1.0,0.0,1.0,0.0,0.0,1.0,0.0,1.0,0.0,1.0,0.0,1.0,0.0,1.0,0.0,1.0,0.0,1.0,1.0,0.0,0.0,1.0,0.0,0.0,1.0,0.0,0.0,1.0,0.0,0.0,1.0,0.0,0.0,0.0,0.0,1.0,0.0,0.0,1.0,0.0,0.0,1.0,0.0,0.0,1.0,0.0,1.0,0.0,1.0,0.0,1.0,0.0,1.0,0.0,1.0,0.0,1.0,0.0,1.0,0.0,1.0,0.0,1.0
-0.5411201213868845,-0.5161306639566449,-0.39853889364561407,-0.45167850650247543,-0.6627817697835516,-0.6800662207479455,-0.5411201213868845,-0.5161306639566449,-0.39853889364561407,-0.45167850650247543,-0.6627817697835516,-0.6800662207479455,1.0,0.0,0.0,1.0,0.0,1.0,0.0,1.0,0.0,1.0,0.0,1.0,0.0,1.0,0.0,1.0,0.0,1.0,1.0,0.0,0.0,0.0,0.0,1.0,0.0,0.0,1.0,0.0,0.0,1.0,0.0,0.0,1.0,0.0,0.0,1.0,0.0,0.0,1.0,0.0,0.0,1.0,0.0,0.0,1.0,0.0,1.0,0.0,1.0,0.0,1.0,0.0,1.0,0.0,1.0,0.0,1.0,0.0,1.0,0.0,1.0,0.0,1.0
-0.5571656491739959,-0.4770027699096125,-0.3552570365208191,-0.6080581854477145,-0.7546744882296433,-0.4143743598191676,-0.5571656491739959,-0.4770027699096125,-0.3552570365208191,-0.6080581854477145,-0.7546744882296433,-0.4143743598191676,1.0,0.0,1.0,0.0,1.0,0.0,0.0,1.0,0.0,1.0,0.0,1.0,0.0,1.0,0.0,1.0,0.0,1.0,1.0,0.0,0.0,1.0,0.0,0.0,1.0,0.0,0.0,1.0,0.0,0.0,1.0,0.0,0.0,1.0,0.0,0.0,1.0,0.0,0.0,1.0,0.0,0.0,1.0,0.0,0.0,0.0,1.0,0.0,1.0,0.0,1.0,0.0,1.0,0.0,1.0,0.0,1.0,0.0,1.0,0.0,1.0,0.0,1.0
3.8601681506177763,2.7807567048210804,-0.0401730364797817,2.02310862740943,3.183373139371416,2.92916366535197,3.8601681506177763,2.7807567048210804,-0.0401730364797817,2.02310862740943,3.183373139371416,2.92916366535197,1.0,0.0,1.0,0.0,1.0,0.0,1.0,0.0,1.0,0.0,1.0,0.0,1.0,0.0,1.0,0.0,1.0,0.0,0.0,1.0,0.0,0.0,1.0,0.0,0.0,1.0,0.0,0.0,1.0,0.0,0.0,1.0,0.0,0.0,1.0,0.0,0.0,1.0,0.0,0.0,1.0,0.0,0.0,1.0,0.0,1.0,0.0,1.0,0.0,1.0,0.0,1.0,0.0,1.0,0.0,1.0,0.0,1.0,0.0,1.0,0.0,1.0,0.0
1.2688154129992828,0.5780011880992597,0.17451289468667172,0.5957504840166433,2.590516891332115,2.7276557932992453,1.2688154129992828,0.5780011880992597,0.17451289468667172,0.5957504840166433,2.590516891332115,2.7276557932992453,1.0,0.0,1.0,0.0,1.0,0.0,1.0,0.0,1.0,0.0,1.0,0.0,1.0,0.0,1.0,0.0,1.0,0.0,0.0,1.0,0.0,0.0,1.0,0.0,0.0,1.0,0.0,0.0,1.0,0.0,0.0,1.0,0.0,0.0,1.0,0.0,0.0,1.0,0.0,0.0,1.0,0.0,0.0,1.0,0.0,1.0,0.0,1.0,0.0,1.0,0.0,1.0,0.0,1.0,0.0,1.0,0.0,1.0,0.0,1.0,0.0,1.0,0.0
-0.7946394604232448,-0.5117831201736412,-0.4409551136279132,-0.5314426380450135,-0.48937131723205607,-0.7666399731854125,-0.7946394604232448,-0.5117831201736412,-0.4409551136279132,-0.5314426380450135,-0.48937131723205607,-0.7666399731854125,1.0,0.0,1.0,0.0,0.0,1.0,0.0,1.0,0.0,1.0,0.0,1.0,0.0,1.0,0.0,1.0,0.0,1.0,0.0,1.0,0.0,0.0,1.0,0.0,1.0,0.0,0.0,1.0,0.0,0.0,1.0,0.0,0.0,1.0,0.0,0.0,1.0,0.0,0.0,1.0,0.0,0.0,1.0,0.0,0.0,1.0,0.0,1.0,0.0,0.0,1.0,0.0,1.0,0.0,1.0,0.0,1.0,0.0,1.0,0.0,1.0,0.0,1.0
-0.5716066241823962,-0.5683011893526879,-0.4020014422155977,-0.4527280345490878,-0.6716746135041413,-0.6845441734602283,-0.5716066241823962,-0.5683011893526879,-0.4020014422155977,-0.4527280345490878,-0.6716746135041413,-0.6845441734602283,0.0,1.0,0.0,1.0,0.0,1.0,0.0,1.0,0.0,1.0,0.0,1.0,0.0,1.0,0.0,1.0,0.0,1.0,1.0,0.0,0.0,1.0,0.0,0.0,1.0,0.0,0.0,1.0,0.0,0.0,1.0,0.0,0.0,0.0,0.0,1.0,0.0,0.0,1.0,0.0,0.0,1.0,0.0,0.0,1.0,0.0,1.0,0.0,1.0,0.0,1.0,0.0,1.0,0.0,1.0,0.0,1.0,0.0,1.0,0.0,1.0,0.0,1.0
-0.8411714910058677,-0.8074160974178857,-0.554353579294876,-0.6395440268460848,-0.9399420657419251,-0.9054565072661784,-0.8411714910058677,-0.8074160974178857,-0.554353579294876,-0.6395440268460848,-0.9399420657419251,-0.9054565072661784,0.0,1.0,0.0,1.0,0.0,1.0,0.0,1.0,0.0,1.0,0.0,1.0,0.0,1.0,0.0,1.0,0.0,1.0,1.0,0.0,0.0,1.0,0.0,0.0,1.0,0.0,0.0,1.0,0.0,0.0,1.0,0.0,0.0,1.0,0.0,0.0,0.0,0.0,1.0,0.0,0.0,1.0,0.0,0.0,1.0,0.0,1.0,0.0,1.0,0.0,1.0,0.0,1.0,0.0,1.0,0.0,1.0,0.0,1.0,0.0,1.0,0.0,1.0
1.7902950660804042,2.395274489394762,1.6270520197947922,1.653674755001885,2.2585173924301056,2.2246324386194805,1.7902950660804042,2.395274489394762,1.6270520197947922,1.653674755001885,2.2585173924301056,2.2246324386194805,0.0,1.0,0.0,1.0,0.0,1.0,0.0,1.0,0.0,1.0,0.0,1.0,0.0,1.0,0.0,1.0,0.0,1.0,1.0,0.0,0.0,1.0,0.0,0.0,0.0,0.0,1.0,0.0,0.0,1.0,0.0,0.0,1.0,0.0,0.0,1.0,0.0,0.0,1.0,0.0,0.0,1.0,0.0,0.0,1.0,0.0,1.0,0.0,1.0,0.0,1.0,0.0,1.0,0.0,1.0,0.0,1.0,0.0,1.0,0.0,1.0,0.0,1.0
5.38609784317207,4.755990763565714,-0.0401730364797817,-0.01613396942776386,0.8415909596161757,1.6842928113373588,5.38609784317207,4.755990763565714,-0.0401730364797817,-0.01613396942776386,0.8415909596161757,1.6842928113373588,1.0,0.0,1.0,0.0,1.0,0.0,1.0,0.0,1.0,0.0,1.0,0.0,1.0,0.0,1.0,0.0,1.0,0.0,0.0,1.0,0.0,0.0,1.0,0.0,0.0,1.0,0.0,0.0,1.0,0.0,0.0,1.0,0.0,0.0,1.0,0.0,0.0,1.0,0.0,0.0,1.0,0.0,0.0,1.0,0.0,1.0,0.0,1.0,0.0,1.0,0.0,1.0,0.0,1.0,0.0,1.0,0.0,1.0,0.0,1.0,0.0,1.0,0.0
-0.44324240188550484,-0.4088912506425562,-0.22800837657392178,-0.2963483556038486,-0.42563927056783113,-0.46512449055837235,-0.44324240188550484,-0.4088912506425562,-0.22800837657392178,-0.2963483556038486,-0.42563927056783113,-0.46512449055837235,0.0,1.0,0.0,1.0,0.0,1.0,0.0,1.0,0.0,1.0,0.0,1.0,0.0,1.0,0.0,1.0,0.0,1.0,1.0,0.0,0.0,0.0,0.0,1.0,0.0,0.0,1.0,0.0,0.0,1.0,0.0,0.0,1.0,0.0,0.0,1.0,0.0,0.0,1.0,0.0,0.0,1.0,0.0,0.0,1.0,0.0,1.0,0.0,1.0,0.0,1.0,0.0,1.0,0.0,1.0,0.0,1.0,0.0,1.0,0.0,1.0,0.0,1.0
-0.48175166857457224,-0.5523601954816748,-0.38641997365067143,-0.37506295909977433,-0.044729131202579944,-0.33227856009398343,-0.48175166857457224,-0.5523601954816748,-0.38641997365067143,-0.37506295909977433,-0.044729131202579944,-0.33227856009398343,1.0,0.0,1.0,0.0,0.0,1.0,0.0,1.0,0.0,1.0,0.0,1.0,0.0,1.0,0.0,1.0,0.0,1.0,1.0,0.0,0.0,1.0,0.0,0.0,1.0,0.0,0.0,1.0,0.0,0.0,1.0,0.0,0.0,1.0,0.0,0.0,1.0,0.0,0.0,0.0,0.0,1.0,0.0,0.0,1.0,0.0,1.0,0.0,1.0,0.0,1.0,0.0,1.0,0.0,1.0,0.0,1.0,0.0,1.0,0.0,1.0,0.0,1.0
1.9010092078114726,1.537359182882053,0.8964542715282524,0.9945711417293337,1.3692330203711538,1.272321161807344,1.9010092078114726,1.537359182882053,0.8964542715282524,0.9945711417293337,1.3692330203711538,1.272321161807344,1.0,0.0,1.0,0.0,0.0,1.0,0.0,1.0,0.0,1.0,0.0,1.0,0.0,1.0,0.0,1.0,0.0,1.0,1.0,0.0,0.0,1.0,0.0,0.0,1.0,0.0,0.0,1.0,0.0,0.0,1.0,0.0,0.0,1.0,0.0,0.0,1.0,0.0,0.0,1.0,0.0,0.0,1.0,0.0,0.0,0.0,1.0,0.0,1.0,0.0,1.0,0.0,1.0,0.0,1.0,0.0,1.0,0.0,1.0,0.0,1.0,0.0,1.0
-0.5427246741655956,-0.5422159266546664,-0.4045983536430854,-0.4831643479008456,-0.6983531446659097,-0.7099192388298308,-0.5427246741655956,-0.5422159266546664,-0.4045983536430854,-0.4831643479008456,-0.6983531446659097,-0.7099192388298308,0.0,1.0,0.0,1.0,0.0,1.0,0.0,1.0,0.0,1.0,0.0,1.0,0.0,1.0,0.0,1.0,0.0,1.0,1.0,0.0,0.0,1.0,0.0,0.0,0.0,0.0,1.0,0.0,0.0,1.0,0.0,0.0,1.0,0.0,0.0,1.0,0.0,0.0,1.0,0.0,0.0,1.0,0.0,0.0,1.0,0.0,1.0,0.0,1.0,0.0,1.0,0.0,1.0,0.0,1.0,0.0,1.0,0.0,1.0,0.0,1.0,0.0,1.0
0.7344993376884729,0.031659852701808114,-0.01852418808991396,-0.048659736603335536,-0.1825682088717176,-0.20540323324597143,0.7344993376884729,0.031659852701808114,-0.01852418808991396,-0.048659736603335536,-0.1825682088717176,-0.20540323324597143,1.0,0.0,1.0,0.0,1.0,0.0,1.0,0.0,1.0,0.0,1.0,0.0,1.0,0.0,1.0,0.0,1.0,0.0,1.0,0.0,0.0,1.0,0.0,0.0,1.0,0.0,0.0,1.0,0.0,0.0,1.0,0.0,0.0,1.0,0.0,0.0,1.0,0.0,0.0,1.0,0.0,0.0,1.0,0.0,0.0,0.0,1.0,0.0,1.0,0.0,1.0,0.0,1.0,0.0,1.0,0.0,1.0,0.0,1.0,0.0,1.0,0.0,1.0
0.18574228736926252,0.4301846994771376,-0.16308559088672928,-0.06965029753558243,-0.23147884933496,-0.26809457121793023,0.18574228736926252,0.4301846994771376,-0.16308559088672928,-0.06965029753558243,-0.23147884933496,-0.26809457121793023,1.0,0.0,1.0,0.0,1.0,0.0,1.0,0.0,1.0,0.0,1.0,0.0,0.0,1.0,0.0,1.0,0.0,1.0,0.0,1.0,0.0,0.0,1.0,0.0,0.0,1.0,0.0,0.0,1.0,0.0,0.0,1.0,0.0,0.0,1.0,0.0,1.0,0.0,0.0,0.0,0.0,1.0,0.0,0.0,1.0,1.0,0.0,1.0,0.0,1.0,0.0,1.0,0.0,1.0,0.0,1.0,0.0,0.0,1.0,0.0,1.0,0.0,1.0
-0.3212963907034581,-0.30165183732846756,-0.27302150798370856,-0.2952988275572362,-0.3633893645237045,-0.28600638206706136,-0.3212963907034581,-0.30165183732846756,-0.27302150798370856,-0.2952988275572362,-0.3633893645237045,-0.28600638206706136,1.0,0.0,0.0,1.0,0.0,1.0,0.0,1.0,0.0,1.0,0.0,1.0,0.0,1.0,0.0,1.0,0.0,1.0,1.0,0.0,0.0,0.0,0.0,1.0,0.0,0.0,1.0,0.0,0.0,1.0,0.0,0.0,1.0,0.0,0.0,1.0,0.0,0.0,1.0,0.0,0.0,1.0,0.0,0.0,1.0,0.0,1.0,0.0,1.0,0.0,1.0,0.0,1.0,0.0,1.0,0.0,1.0,0.0,1.0,0.0,1.0,0.0,1.0
-0.44966061300034943,-0.43642569460157893,-0.35006321366584364,-0.4159945529176557,-0.48492489537176126,-0.49945546135254026,-0.44966061300034943,-0.43642569460157893,-0.35006321366584364,-0.4159945529176557,-0.48492489537176126,-0.49945546135254026,1.0,0.0,1.0,0.0,1.0,0.0,1.0,0.0,1.0,0.0,1.0,0.0,1.0,0.0,1.0,0.0,0.0,1.0,1.0,0.0,0.0,0.0,0.0,1.0,0.0,0.0,1.0,0.0,0.0,1.0,0.0,0.0,1.0,0.0,0.0,1.0,0.0,0.0,1.0,0.0,0.0,1.0,0.0,0.0,1.0,0.0,1.0,0.0,1.0,0.0,1.0,0.0,1.0,0.0,1.0,0.0,1.0,0.0,1.0,0.0,1.0,0.0,1.0
0.08786456786788285,0.11281400331787515,0.07669589758463509,0.2578024530074687,0.39398449234650296,0.491664738966047,0.08786456786788285,0.11281400331787515,0.07669589758463509,0.2578024530074687,0.39398449234650296,0.491664738966047,1.0,0.0,1.0,0.0,1.0,0.0,1.0,0.0,1.0,0.0,1.0,0.0,1.0,0.0,1.0,0.0,1.0,0.0,0.0,1.0,0.0,0.0,1.0,0.0,0.0,1.0,0.0,0.0,1.0,0.0,0.0,1.0,0.0,0.0,1.0,0.0,0.0,1.0,0.0,0.0,1.0,0.0,0.0,1.0,0.0,1.0,0.0,1.0,0.0,1.0,0.0,1.0,0.0,1.0,0.0,1.0,0.0,1.0,0.0,1.0,0.0,1.0,0.0
0.11352273206396092,0.05338431286786898,-0.0401730364797817,-0.01613396942776386,-0.9251206595409426,-0.8950079509375186,0.11352273206396092,0.05338431286786898,-0.0401730364797817,-0.01613396942776386,-0.9251206595409426,-0.8950079509375186,1.0,0.0,1.0,0.0,1.0,0.0,1.0,0.0,1.0,0.0,1.0,0.0,1.0,0.0,1.0,0.0,1.0,0.0,0.0,1.0,0.0,0.0,1.0,0.0,0.0,1.0,0.0,0.0,1.0,0.0,0.0,1.0,0.0,0.0,1.0,0.0,0.0,1.0,0.0,0.0,1.0,0.0,0.0,1.0,0.0,1.0,0.0,1.0,0.0,1.0,0.0,1.0,0.0,1.0,0.0,1.0,0.0,1.0,0.0,1.0,0.0,1.0,0.0
-0.7047845048154209,-0.5711995518746903,-0.4080609022130689,-0.48631293204068266,-0.7131745508668922,-0.7069339370216421,-0.7047845048154209,-0.5711995518746903,-0.4080609022130689,-0.48631293204068266,-0.7131745508668922,-0.7069339370216421,0.0,1.0,0.0,1.0,0.0,1.0,0.0,1.0,0.0,1.0,0.0,1.0,0.0,1.0,0.0,1.0,0.0,1.0,1.0,0.0,0.0,0.0,0.0,1.0,0.0,0.0,1.0,0.0,0.0,1.0,0.0,0.0,1.0,0.0,0.0,1.0,0.0,0.0,1.0,0.0,0.0,1.0,0.0,0.0,1.0,0.0,1.0,0.0,1.0,0.0,1.0,0.0,1.0,0.0,1.0,0.0,1.0,0.0,1.0,0.0,1.0,0.0,1.0
-0.6117204436501746,-0.5451142891766688,-0.3682415936582576,-0.3446266457480164,-0.4908534578521543,-0.5412496866671795,-0.6117204436501746,-0.5451142891766688,-0.3682415936582576,-0.3446266457480164,-0.4908534578521543,-0.5412496866671795,1.0,0.0,1.0,0.0,1.0,0.0,0.0,1.0,0.0,1.0,0.0,1.0,0.0,1.0,0.0,1.0,0.0,1.0,1.0,0.0,0.0,1.0,0.0,0.0,1.0,0.0,0.0,1.0,0.0,0.0,0.0,0.0,1.0,0.0,0.0,1.0,0.0,0.0,1.0,0.0,0.0,1.0,0.0,0.0,1.0,0.0,1.0,0.0,1.0,0.0,1.0,0.0,1.0,0.0,1.0,0.0,1.0,0.0,1.0,0.0,1.0,0.0,1.0
0.08465546231046064,0.06933856548783923,-0.04103075379480734,-0.061254073162683664,-0.04769341244277652,0.0214797041763557,0.08465546231046064,0.06933856548783923,-0.04103075379480734,-0.061254073162683664,-0.04769341244277652,0.0214797041763557,1.0,0.0,1.0,0.0,1.0,0.0,1.0,0.0,1.0,0.0,1.0,0.0,1.0,0.0,1.0,0.0,1.0,0.0,1.0,0.0,0.0,1.0,0.0,0.0,1.0,0.0,0.0,1.0,0.0,0.0,1.0,0.0,0.0,1.0,0.0,0.0,1.0,0.0,0.0,1.0,0.0,0.0,1.0,0.0,0.0,0.0,1.0,0.0,1.0,0.0,1.0,0.0,1.0,0.0,1.0,0.0,1.0,0.0,1.0,0.0,1.0,0.0,1.0
1.225492487974082,1.1736146863707522,0.5199021145425359,1.0292055672675409,1.8005359408197454,2.882891487325048,1.225492487974082,1.1736146863707522,0.5199021145425359,1.0292055672675409,1.8005359408197454,2.882891487325048,1.0,0.0,1.0,0.0,1.0,0.0,1.0,0.0,1.0,0.0,1.0,0.0,1.0,0.0,1.0,0.0,1.0,0.0,1.0,0.0,0.0,1.0,0.0,0.0,1.0,0.0,0.0,1.0,0.0,0.0,1.0,0.0,0.0,1.0,0.0,0.0,1.0,0.0,0.0,1.0,0.0,0.0,1.0,0.0,0.0,0.0,1.0,0.0,1.0,0.0,1.0,0.0,1.0,0.0,1.0,0.0,1.0,0.0,1.0,0.0,1.0,0.0,1.0
0.12958294011437263,-0.10891072961530819,-0.08864079663208183,-0.2207823362477599,-0.16181824019034197,0.05282537316233511,0.12958294011437263,-0.10891072961530819,-0.08864079663208183,-0.2207823362477599,-0.16181824019034197,0.05282537316233511,0.0,1.0,0.0,1.0,0.0,1.0,0.0,1.0,0.0,1.0,0.0,1.0,0.0,1.0,0.0,1.0,0.0,1.0,1.0,0.0,0.0,1.0,0.0,0.0,1.0,0.0,0.0,1.0,0.0,0.0,1.0,0.0,0.0,0.0,0.0,1.0,0.0,0.0,1.0,0.0,0.0,1.0,0.0,0.0,1.0,0.0,1.0,0.0,1.0,0.0,1.0,0.0,1.0,0.0,1.0,0.0,1.0,0.0,1.0,0.0,1.0,0.0,1.0
0.030100667834281863,0.07803365305384637,-0.0392994795098155,0.004866193773893947,0.2605918365376603,-0.00986596480962371,0.030100667834281863,0.07803365305384637,-0.0392994795098155,0.004866193773893947,0.2605918365376603,-0.00986596480962371,1.0,0.0,1.0,0.0,0.0,1.0,0.0,1.0,0.0,1.0,0.0,1.0,0.0,1.0,0.0,1.0,0.0,1.0,0.0,1.0,0.0,0.0,1.0,0.0,1.0,0.0,0.0,1.0,0.0,0.0,0.0,0.0,1.0,0.0,0.0,1.0,0.0,0.0,1.0,0.0,0.0,1.0,0.0,0.0,1.0,1.0,0.0,1.0,0.0,0.0,1.0,0.0,1.0,0.0,1.0,0.0,1.0,0.0,1.0,0.0,1.0,0.0,1.0
0.11352273206396092,0.05338431286786898,0.30349282891856083,0.43097458069850536,1.001662146586787,0.9797615846048693,0.11352273206396092,0.05338431286786898,0.30349282891856083,0.43097458069850536,1.001662146586787,0.9797615846048693,1.0,0.0,1.0,0.0,0.0,1.0,0.0,1.0,0.0,1.0,0.0,1.0,0.0,1.0,0.0,1.0,0.0,1.0,0.0,1.0,0.0,0.0,1.0,0.0,1.0,0.0,0.0,1.0,0.0,0.0,1.0,0.0,0.0,1.0,0.0,0.0,1.0,0.0,0.0,1.0,0.0,0.0,1.0,0.0,0.0,1.0,0.0,1.0,0.0,0.0,1.0,0.0,1.0,0.0,1.0,0.0,1.0,0.0,1.0,0.0,1.0,0.0,1.0
1.4148297158619967,1.4214246820019572,1.0288967543301253,1.1478022365347356,2.0910355023590035,2.3544930672756808,1.4148297158619967,1.4214246820019572,1.0288967543301253,1.1478022365347356,2.0910355023590035,2.3544930672756808,1.0,0.0,1.0,0.0,0.0,1.0,0.0,1.0,0.0,1.0,0.0,1.0,0.0,1.0,0.0,1.0,0.0,1.0,0.0,1.0,0.0,0.0,1.0,0.0,0.0,0.0,1.0,0.0,0.0,1.0,0.0,0.0,1.0,0.0,0.0,1.0,0.0,0.0,1.0,0.0,0.0,1.0,0.0,0.0,1.0,1.0,0.0,1.0,0.0,0.0,1.0,0.0,1.0,0.0,1.0,0.0,1.0,0.0,1.0,0.0,1.0,0.0,1.0
-0.6903435298070206,-0.6552520650127598,-0.4625960421903107,-0.5324921660916259,-0.7591209100899382,-0.7442502096239986,-0.6903435298070206,-0.6552520650127598,-0.4625960421903107,-0.5324921660916259,-0.7591209100899382,-0.7442502096239986,0.0,1.0,0.0,1.0,0.0,1.0,0.0,1.0,0.0,1.0,0.0,1.0,0.0,1.0,0.0,1.0,0.0,1.0,1.0,0.0,0.0,1.0,0.0,0.0,1.0,0.0,0.0,1.0,0.0,0.0,1.0,0.0,0.0,0.0,0.0,1.0,0.0,0.0,1.0,0.0,0.0,1.0,0.0,0.0,1.0,0.0,1.0,0.0,1.0,0.0,1.0,0.0,1.0,0.0,1.0,0.0,1.0,0.0,1.0,0.0,1.0,0.0,1.0
-0.44966061300034943,-0.42193388199156695,-0.269558959413725,-0.28900165927756216,-0.32188942716095337,-0.3307859091898892,-0.44966061300034943,-0.42193388199156695,-0.269558959413725,-0.28900165927756216,-0.32188942716095337,-0.3307859091898892,0.0,1.0,0.0,1.0,0.0,1.0,0.0,1.0,0.0,1.0,0.0,1.0,0.0,1.0,0.0,1.0,0.0,1.0,0.0,0.0,1.0,0.0,0.0,1.0,0.0,0.0,1.0,0.0,0.0,1.0,0.0,0.0,1.0,0.0,0.0,1.0,0.0,0.0,1.0,0.0,0.0,1.0,0.0,0.0,1.0,0.0,1.0,0.0,1.0,0.0,1.0,0.0,1.0,0.0,1.0,0.0,1.0,0.0,1.0,0.0,1.0,0.0,1.0
0.17932407625441796,0.2562829481569938,0.12257466613691774,0.06678834852402218,1.5263399261015689,0.9528938683311726,0.17932407625441796,0.2562829481569938,0.12257466613691774,0.06678834852402218,1.5263399261015689,0.9528938683311726,1.0,0.0,1.0,0.0,1.0,0.0,1.0,0.0,1.0,0.0,1.0,0.0,1.0,0.0,1.0,0.0,1.0,0.0,1.0,0.0,0.0,1.0,0.0,0.0,1.0,0.0,0.0,1.0,0.0,0.0,1.0,0.0,0.0,1.0,0.0,0.0,1.0,0.0,0.0,1.0,0.0,0.0,1.0,0.0,0.0,0.0,1.0,0.0,1.0,0.0,1.0,0.0,1.0,0.0,1.0,0.0,1.0,0.0,1.0,0.0,1.0,0.0,1.0
1.4533389825510643,1.7228543842902062,0.8661569715408961,0.9557386040046769,1.2506617707632937,1.16932824942484,1.4533389825510643,1.7228543842902062,0.8661569715408961,0.9557386040046769,1.2506617707632937,1.16932824942484,0.0,1.0,0.0,1.0,0.0,1.0,0.0,1.0,0.0,1.0,0.0,1.0,0.0,1.0,0.0,1.0,0.0,1.0,1.0,0.0,0.0,1.0,0.0,0.0,1.0,0.0,0.0,1.0,0.0,0.0,1.0,0.0,0.0,1.0,0.0,0.0,1.0,0.0,0.0,0.0,0.0,1.0,0.0,0.0,1.0,0.0,1.0,0.0,1.0,0.0,1.0,0.0,1.0,0.0,1.0,0.0,1.0,0.0,1.0,0.0,1.0,0.0,1.0
-0.18490940451301105,-0.2596255807594328,-0.25484312799129466,-0.3446266457480164,-0.22555028685456696,-0.13077068804125855,-0.18490940451301105,-0.2596255807594328,-0.25484312799129466,-0.3446266457480164,-0.22555028685456696,-0.13077068804125855,1.0,0.0,1.0,0.0,1.0,0.0,1.0,0.0,1.0,0.0,0.0,1.0,0.0,1.0,0.0,1.0,0.0,1.0,1.0,0.0,0.0,1.0,0.0,0.0,1.0,0.0,0.0,1.0,0.0,0.0,1.0,0.0,0.0,1.0,0.0,0.0,1.0,0.0,0.0,0.0,0.0,1.0,0.0,0.0,1.0,0.0,1.0,0.0,1.0,0.0,1.0,0.0,1.0,0.0,1.0,0.0,1.0,0.0,1.0,0.0,1.0,0.0,1.0
0.11352273206396092,0.05338431286786898,-0.0401730364797817,-0.01613396942776386,-0.05956409770200813,-0.008386970363938422,0.11352273206396092,0.05338431286786898,-0.0401730364797817,-0.01613396942776386,-0.05956409770200813,-0.008386970363938422,1.0,0.0,1.0,0.0,1.0,0.0,1.0,0.0,1.0,0.0,1.0,0.0,0.0,1.0,0.0,1.0,0.0,1.0,0.0,1.0,0.0,0.0,1.0,0.0,0.0,1.0,0.0,0.0,1.0,0.0,0.0,1.0,0.0,0.0,1.0,0.0,1.0,0.0,0.0,1.0,0.0,0.0,1.0,0.0,0.0,1.0,0.0,1.0,0.0,1.0,0.0,1.0,0.0,1.0,0.0,1.0,0.0,0.0,1.0,0.0,1.0,0.0,1.0
-0.536306463050751,-0.5436651079156676,-0.4002701679306058,-0.43488605775667794,-0.5753354731977547,-0.538264384858991,-0.536306463050751,-0.5436651079156676,-0.4002701679306058,-0.43488605775667794,-0.5753354731977547,-0.538264384858991,0.0,1.0,0.0,1.0,0.0,1.0,0.0,1.0,0.0,1.0,0.0,1.0,0.0,1.0,0.0,1.0,0.0,1.0,1.0,0.0,0.0,0.0,0.0,1.0,0.0,0.0,1.0,0.0,0.0,1.0,0.0,0.0,1.0,0.0,0.0,1.0,0.0,0.0,1.0,0.0,0.0,1.0,0.0,0.0,1.0,0.0,1.0,0.0,1.0,0.0,1.0,0.0,1.0,0.0,1.0,0.0,1.0,0.0,1.0,0.0,1.0,0.0,1.0
-0.6855298714708872,-0.6509045212297562,-0.4409551136279132,-0.5104520771127666,-0.7161388321070888,-0.723353096966679,-0.6855298714708872,-0.6509045212297562,-0.4409551136279132,-0.5104520771127666,-0.7161388321070888,-0.723353096966679,0.0,1.0,0.0,1.0,0.0,1.0,0.0,1.0,0.0,1.0,0.0,1.0,0.0,1.0,0.0,1.0,0.0,1.0,1.0,0.0,0.0,1.0,0.0,0.0,0.0,0.0,1.0,0.0,0.0,1.0,0.0,0.0,1.0,0.0,0.0,1.0,0.0,0.0,1.0,0.0,0.0,1.0,0.0,0.0,1.0,0.0,1.0,0.0,1.0,0.0,1.0,0.0,1.0,0.0,1.0,0.0,1.0,0.0,1.0,0.0,1.0,0.0,1.0
-0.7689666159638665,-0.7378553968898282,-0.4677898650452861,-0.5303931099984011,-0.5086391452933333,-0.578565959269536,-0.7689666159638665,-0.7378553968898282,-0.4677898650452861,-0.5303931099984011,-0.5086391452933333,-0.578565959269536,1.0,0.0,1.0,0.0,1.0,0.0,1.0,0.0,1.0,0.0,0.0,1.0,0.0,1.0,0.0,1.0,0.0,1.0,1.0,0.0,0.0,1.0,0.0,0.0,1.0,0.0,0.0,0.0,0.0,1.0,0.0,0.0,1.0,0.0,0.0,1.0,0.0,0.0,1.0,0.0,0.0,1.0,0.0,0.0,1.0,0.0,1.0,0.0,1.0,0.0,1.0,0.0,1.0,0.0,1.0,0.0,1.0,0.0,1.0,0.0,1.0,0.0,1.0
-0.48977443246812796,-0.4204847007305657,-0.2453211194238398,-0.42544030533716687,-0.4745499110310735,-0.4173596616273561,-0.48977443246812796,-0.4204847007305657,-0.2453211194238398,-0.42544030533716687,-0.4745499110310735,-0.4173596616273561,1.0,0.0,1.0,0.0,1.0,0.0,1.0,0.0,1.0,0.0,1.0,0.0,1.0,0.0,1.0,0.0,1.0,0.0,1.0,0.0,0.0,1.0,0.0,0.0,0.0,0.0,1.0,0.0,0.0,1.0,0.0,0.0,1.0,0.0,0.0,1.0,0.0,0.0,1.0,0.0,0.0,1.0,0.0,0.0,1.0,0.0,1.0,0.0,1.0,0.0,1.0,0.0,1.0,0.0,1.0,0.0,1.0,0.0,1.0,0.0,1.0,0.0,1.0
-0.4592879296726163,-0.33643218759249627,-0.2539774908487988,-0.2480700654596808,-0.31892514592075694,-0.17853551697227485,-0.4592879296726163,-0.33643218759249627,-0.2539774908487988,-0.2480700654596808,-0.31892514592075694,-0.17853551697227485,1.0,0.0,1.0,0.0,1.0,0.0,0.0,1.0,0.0,1.0,0.0,1.0,0.0,1.0,0.0,1.0,0.0,1.0,0.0,1.0,0.0,0.0,1.0,0.0,0.0,1.0,0.0,0.0,1.0,0.0,0.0,1.0,0.0,0.0,1.0,0.0,0.0,1.0,0.0,0.0,1.0,0.0,0.0,1.0,0.0,1.0,0.0,1.0,0.0,1.0,0.0,1.0,0.0,1.0,0.0,1.0,0.0,1.0,0.0,1.0,0.0,1.0,0.0
-0.36461931572865885,-0.40164534433755017,-0.3440037536683724,-0.39290493589218417,-0.5486569420359861,-0.46661714146246663,-0.36461931572865885,-0.40164534433755017,-0.3440037536683724,-0.39290493589218417,-0.5486569420359861,-0.46661714146246663,1.0,0.0,0.0,1.0,0.0,1.0,0.0,1.0,0.0,1.0,0.0,1.0,0.0,1.0,0.0,1.0,0.0,1.0,0.0,0.0,1.0,0.0,0.0,1.0,0.0,0.0,1.0,0.0,0.0,1.0,0.0,0.0,1.0,0.0,0.0,1.0,0.0,0.0,1.0,0.0,0.0,1.0,0.0,0.0,1.0,0.0,1.0,0.0,1.0,0.0,1.0,0.0,1.0,0.0,1.0,0.0,1.0,0.0,1.0,0.0,1.0,0.0,1.0
3.094796475172562,2.2633989946436532,1.7240033797543328,1.3765993506962264,2.030267736934975,1.5439836263524989,3.094796475172562,2.2633989946436532,1.7240033797543328,1.3765993506962264,2.030267736934975,1.5439836263524989,1.0,0.0,1.0,0.0,1.0,0.0,1.0,0.0,1.0,0.0,1.0,0.0,0.0,1.0,0.0,1.0,0.0,1.0,1.0,0.0,0.0,1.0,0.0,0.0,1.0,0.0,0.0,1.0,0.0,0.0,1.0,0.0,0.0,1.0,0.0,0.0,1.0,0.0,0.0,1.0,0.0,0.0,1.0,0.0,0.0,0.0,1.0,0.0,1.0,0.0,1.0,0.0,1.0,0.0,1.0,0.0,1.0,0.0,1.0,0.0,1.0,0.0,1.0
-0.8187077521039119,-0.8045177348958833,-0.5422346592999335,-0.631147802473186,-0.922156378300746,-0.8606769801433507,-0.8187077521039119,-0.8045177348958833,-0.5422346592999335,-0.631147802473186,-0.922156378300746,-0.8606769801433507,1.0,0.0,1.0,0.0,1.0,0.0,1.0,0.0,1.0,0.0,0.0,1.0,0.0,1.0,0.0,1.0,0.0,1.0,1.0,0.0,0.0,1.0,0.0,0.0,1.0,0.0,0.0,1.0,0.0,0.0,1.0,0.0,0.0,1.0,0.0,0.0,0.0,0.0,1.0,0.0,0.0,1.0,0.0,0.0,1.0,0.0,1.0,0.0,1.0,0.0,1.0,0.0,1.0,0.0,1.0,0.0,1.0,0.0,1.0,0.0,1.0,0.0,1.0
-0.4304059796558157,-0.4030945255985514,-0.16654813945671287,0.029005338845977887,-0.1766396463913246,-0.3128740983407581,-0.4304059796558157,-0.4030945255985514,-0.16654813945671287,0.029005338845977887,-0.1766396463913246,-0.3128740983407581,0.0,1.0,0.0,1.0,0.0,1.0,0.0,1.0,0.0,1.0,0.0,1.0,0.0,1.0,0.0,1.0,0.0,1.0,1.0,0.0,0.0,0.0,0.0,1.0,0.0,0.0,1.0,0.0,0.0,1.0,0.0,0.0,1.0,0.0,0.0,1.0,0.0,0.0,1.0,0.0,0.0,1.0,0.0,0.0,1.0,0.0,1.0,0.0,1.0,0.0,1.0,0.0,1.0,0.0,1.0,0.0,1.0,0.0,1.0,0.0,1.0,0.0,1.0
-0.7144118214876878,-0.5929372707897084,-0.36304777080328215,-0.3446266457480164,-0.12031830282759097,0.08715634395650311,-0.7144118214876878,-0.5929372707897084,-0.36304777080328215,-0.3446266457480164,-0.12031830282759097,0.08715634395650311,0.0,1.0,0.0,1.0,0.0,1.0,0.0,1.0,0.0,1.0,0.0,1.0,0.0,1.0,0.0,1.0,0.0,1.0,1.0,0.0,0.0,1.0,0.0,0.0,1.0,0.0,0.0,1.0,0.0,0.0,0.0,0.0,1.0,0.0,0.0,1.0,0.0,0.0,1.0,0.0,0.0,1.0,0.0,0.0,1.0,0.0,1.0,0.0,1.0,0.0,1.0,0.0,1.0,0.0,1.0,0.0,1.0,0.0,1.0,0.0,1.0,0.0,1.0
-0.4881698796894168,-0.4436716009065849,-0.34054120509838876,-0.40444974440491993,-0.6212818324208006,-0.6740956171315685,-0.4881698796894168,-0.4436716009065849,-0.34054120509838876,-0.40444974440491993,-0.6212818324208006,-0.6740956171315685,0.0,1.0,0.0,1.0,0.0,1.0,0.0,1.0,0.0,1.0,0.0,1.0,0.0,1.0,0.0,1.0,0.0,1.0,1.0,0.0,0.0,1.0,0.0,0.0,1.0,0.0,0.0,1.0,0.0,0.0,1.0,0.0,0.0,0.0,0.0,1.0,0.0,0.0,1.0,0.0,0.0,1.0,0.0,0.0,1.0,0.0,1.0,0.0,1.0,0.0,1.0,0.0,1.0,0.0,1.0,0.0,1.0,0.0,1.0,0.0,1.0,0.0,1.0
-0.5042154074765282,-0.49294376378062565,-0.36997286794324935,-0.43173747361684084,-0.6835317384649273,-0.689022126172511,-0.5042154074765282,-0.49294376378062565,-0.36997286794324935,-0.43173747361684084,-0.6835317384649273,-0.689022126172511,0.0,1.0,0.0,1.0,0.0,1.0,0.0,1.0,0.0,1.0,0.0,1.0,0.0,1.0,0.0,1.0,0.0,1.0,1.0,0.0,0.0,1.0,0.0,0.0,1.0,0.0,0.0,1.0,0.0,0.0,1.0,0.0,0.0,0.0,0.0,1.0,0.0,0.0,1.0,0.0,0.0,1.0,0.0,0.0,1.0,0.0,1.0,0.0,1.0,0.0,1.0,0.0,1.0,0.0,1.0,0.0,1.0,0.0,1.0,0.0,1.0,0.0,1.0
-0.8860989688097798,-0.8407472664209132,-0.5595474021498515,-0.652138363405433,-0.8524957691561281,-0.8651549328556334,-0.8860989688097798,-0.8407472664209132,-0.5595474021498515,-0.652138363405433,-0.8524957691561281,-0.8651549328556334,0.0,1.0,0.0,1.0,0.0,1.0,0.0,1.0,0.0,1.0,0.0,1.0,0.0,1.0,0.0,1.0,0.0,1.0,1.0,0.0,0.0,1.0,0.0,0.0,1.0,0.0,0.0,0.0,0.0,1.0,0.0,0.0,1.0,0.0,0.0,1.0,0.0,0.0,1.0,0.0,0.0,1.0,0.0,0.0,1.0,0.0,1.0,0.0,1.0,0.0,1.0,0.0,1.0,0.0,1.0,0.0,1.0,0.0,1.0,0.0,1.0,0.0,1.0
-0.7850121437509779,-0.766839022109852,-0.4859682450377,-0.5671265916298331,-0.8406386441953421,-0.8173901039246173,-0.7850121437509779,-0.766839022109852,-0.4859682450377,-0.5671265916298331,-0.8406386441953421,-0.8173901039246173,0.0,1.0,0.0,1.0,0.0,1.0,0.0,1.0,0.0,1.0,0.0,1.0,0.0,1.0,0.0,1.0,0.0,1.0,1.0,0.0,0.0,1.0,0.0,0.0,1.0,0.0,0.0,1.0,0.0,0.0,1.0,0.0,0.0,0.0,0.0,1.0,0.0,0.0,1.0,0.0,0.0,1.0,0.0,0.0,1.0,0.0,1.0,0.0,1.0,0.0,1.0,0.0,1.0,0.0,1.0,0.0,1.0,0.0,1.0,0.0,1.0,0.0,1.0
-0.3565965518351032,-0.41758633820856333,-0.2963937108310979,-0.2711596824851523,-0.3737643488643923,-0.4293008688601102,-0.3565965518351032,-0.41758633820856333,-0.2963937108310979,-0.2711596824851523,-0.3737643488643923,-0.4293008688601102,1.0,0.0,1.0,0.0,1.0,0.0,1.0,0.0,1.0,0.0,0.0,1.0,0.0,1.0,0.0,1.0,0.0,1.0,1.0,0.0,0.0,1.0,0.0,0.0,1.0,0.0,0.0,1.0,0.0,0.0,1.0,0.0,0.0,0.0,0.0,1.0,0.0,0.0,1.0,0.0,0.0,1.0,0.0,0.0,1.0,0.0,1.0,0.0,1.0,0.0,1.0,0.0,1.0,0.0,1.0,0.0,1.0,0.0,1.0,0.0,1.0,0.0,1.0
-0.1897230628491445,-0.2581763994984315,-0.24185857085385618,-0.31838844458270776,-0.4641749266903857,-0.4949775086402575,-0.1897230628491445,-0.2581763994984315,-0.24185857085385618,-0.31838844458270776,-0.4641749266903857,-0.4949775086402575,0.0,1.0,0.0,1.0,0.0,1.0,0.0,1.0,0.0,1.0,0.0,1.0,0.0,1.0,0.0,1.0,0.0,1.0,0.0,0.0,1.0,0.0,0.0,1.0,0.0,0.0,1.0,0.0,0.0,1.0,0.0,0.0,1.0,0.0,0.0,1.0,0.0,0.0,1.0,0.0,0.0,1.0,0.0,0.0,1.0,0.0,1.0,0.0,1.0,0.0,1.0,0.0,1.0,0.0,1.0,0.0,1.0,0.0,1.0,0.0,1.0,0.0,1.0
-0.7753848270787111,-0.7045242278868006,-0.4444176621978968,-0.5094025490661542,-0.699835285286008,-0.7218604460625848,-0.7753848270787111,-0.7045242278868006,-0.4444176621978968,-0.5094025490661542,-0.699835285286008,-0.7218604460625848,1.0,0.0,1.0,0.0,1.0,0.0,1.0,0.0,0.0,1.0,0.0,1.0,0.0,1.0,0.0,1.0,0.0,1.0,1.0,0.0,0.0,1.0,0.0,0.0,1.0,0.0,0.0,0.0,0.0,1.0,0.0,0.0,1.0,0.0,0.0,1.0,0.0,0.0,1.0,0.0,0.0,1.0,0.0,0.0,1.0,0.0,1.0,0.0,1.0,0.0,1.0,0.0,1.0,0.0,1.0,0.0,1.0,0.0,1.0,0.0,1.0,0.0,1.0
1.225492487974082,0.959135859742575,0.34590904890086,0.29873404682535015,0.9349658186823655,0.5871943968280796,1.225492487974082,0.959135859742575,0.34590904890086,0.29873404682535015,0.9349658186823655,0.5871943968280796,1.0,0.0,1.0,0.0,1.0,0.0,1.0,0.0,1.0,0.0,1.0,0.0,1.0,0.0,1.0,0.0,1.0,0.0,0.0,1.0,0.0,0.0,1.0,0.0,0.0,1.0,0.0,0.0,1.0,0.0,1.0,0.0,0.0,1.0,0.0,0.0,1.0,0.0,0.0,1.0,0.0,0.0,1.0,0.0,0.0,1.0,0.0,1.0,0.0,1.0,0.0,1.0,0.0,0.0,1.0,0.0,1.0,0.0,1.0,0.0,1.0,0.0,1.0
-0.6309750769947083,-0.642209433663749,-0.46086476790531883,-0.5335416941382382,-0.05956409770200813,-0.6994706825011708,-0.6309750769947083,-0.642209433663749,-0.46086476790531883,-0.5335416941382382,-0.05956409770200813,-0.6994706825011708,1.0,0.0,1.0,0.0,1.0,0.0,1.0,0.0,1.0,0.0,1.0,0.0,1.0,0.0,1.0,0.0,1.0,0.0,0.0,1.0,0.0,0.0,1.0,0.0,0.0,1.0,0.0,0.0,1.0,0.0,0.0,1.0,0.0,0.0,1.0,0.0,0.0,1.0,0.0,0.0,1.0,0.0,0.0,1.0,0.0,1.0,0.0,1.0,0.0,1.0,0.0,1.0,0.0,1.0,0.0,1.0,0.0,1.0,0.0,1.0,0.0,1.0,0.0
-0.37424663240092576,-0.5001896700856316,-0.3509288508083396,-0.39290493589218417,-0.43156783304822416,-0.39646254897003647,-0.37424663240092576,-0.5001896700856316,-0.3509288508083396,-0.39290493589218417,-0.43156783304822416,-0.39646254897003647,1.0,0.0,1.0,0.0,1.0,0.0,1.0,0.0,1.0,0.0,1.0,0.0,1.0,0.0,1.0,0.0,1.0,0.0,0.0,1.0,0.0,0.0,1.0,0.0,0.0,1.0,0.0,0.0,1.0,0.0,0.0,1.0,0.0,0.0,1.0,0.0,0.0,0.0,1.0,0.0,0.0,1.0,0.0,0.0,1.0,1.0,0.0,1.0,0.0,1.0,0.0,1.0,0.0,1.0,0.0,1.0,0.0,0.0,1.0,0.0,1.0,0.0,1.0
-0.4352196379919492,-0.4262814257745705,-0.3396755679558929,-0.20923752773502408,-0.46121064545018925,-0.4561685851338068,-0.4352196379919492,-0.4262814257745705,-0.3396755679558929,-0.20923752773502408,-0.46121064545018925,-0.4561685851338068,1.0,0.0,1.0,0.0,1.0,0.0,1.0,0.0,1.0,0.0,1.0,0.0,1.0,0.0,1.0,0.0,1.0,0.0,0.0,1.0,0.0,0.0,1.0,0.0,0.0,1.0,0.0,0.0,1.0,0.0,0.0,1.0,0.0,0.0,1.0,0.0,0.0,1.0,0.0,0.0,1.0,0.0,0.0,1.0,0.0,1.0,0.0,1.0,0.0,1.0,0.0,1.0,0.0,1.0,0.0,1.0,0.0,1.0,0.0,1.0,0.0,1.0,0.0
0.541953004243136,0.5461192003572333,0.2775237146436839,0.5285806890334532,0.7630375067509682,1.1081295623569754,0.541953004243136,0.5461192003572333,0.2775237146436839,0.5285806890334532,0.7630375067509682,1.1081295623569754,1.0,0.0,0.0,1.0,0.0,1.0,0.0,1.0,0.0,1.0,0.0,1.0,0.0,1.0,0.0,1.0,0.0,1.0,0.0,1.0,0.0,1.0,0.0,0.0,1.0,0.0,0.0,1.0,0.0,0.0,0.0,0.0,1.0,0.0,0.0,1.0,0.0,0.0,1.0,0.0,0.0,1.0,0.0,0.0,1.0,1.0,0.0,0.0,1.0,0.0,1.0,0.0,1.0,0.0,1.0,0.0,1.0,0.0,1.0,0.0,1.0,0.0,1.0
-0.7448983242831994,-0.7146684967138089,-0.4989528021751385,-0.01613396942776386,-0.05956409770200813,-0.7920150385550149,-0.7448983242831994,-0.7146684967138089,-0.4989528021751385,-0.01613396942776386,-0.05956409770200813,-0.7920150385550149,1.0,0.0,1.0,0.0,1.0,0.0,1.0,0.0,1.0,0.0,1.0,0.0,1.0,0.0,1.0,0.0,1.0,0.0,0.0,1.0,0.0,0.0,1.0,0.0,0.0,1.0,0.0,0.0,1.0,0.0,0.0,1.0,0.0,0.0,1.0,0.0,0.0,1.0,0.0,0.0,1.0,0.0,0.0,1.0,0.0,1.0,0.0,1.0,0.0,1.0,0.0,1.0,0.0,1.0,0.0,1.0,0.0,1.0,0.0,1.0,0.0,1.0,0.0
0.2948518763216201,-0.024858216477238692,-0.15010103374929074,-0.059155017069459026,-0.07288980298444682,0.055810674970523694,0.2948518763216201,-0.024858216477238692,-0.15010103374929074,-0.059155017069459026,-0.07288980298444682,0.055810674970523694,1.0,0.0,1.0,0.0,1.0,0.0,1.0,0.0,1.0,0.0,1.0,0.0,1.0,0.0,1.0,0.0,1.0,0.0,0.0,1.0,0.0,0.0,1.0,0.0,0.0,1.0,0.0,0.0,1.0,0.0,1.0,0.0,0.0,1.0,0.0,0.0,1.0,0.0,0.0,1.0,0.0,0.0,1.0,0.0,0.0,1.0,0.0,1.0,0.0,1.0,0.0,1.0,0.0,0.0,1.0,0.0,1.0,0.0,1.0,0.0,1.0,0.0,1.0
-0.7721757215212888,-0.7291603093238209,-0.4634616793328066,-0.380310599332836,-0.4671392079305822,-0.5755806574613475,-0.7721757215212888,-0.7291603093238209,-0.4634616793328066,-0.380310599332836,-0.4671392079305822,-0.5755806574613475,1.0,0.0,1.0,0.0,1.0,0.0,1.0,0.0,1.0,0.0,0.0,1.0,0.0,1.0,0.0,1.0,0.0,1.0,1.0,0.0,0.0,1.0,0.0,0.0,1.0,0.0,0.0,0.0,0.0,1.0,0.0,0.0,1.0,0.0,0.0,1.0,0.0,0.0,1.0,0.0,0.0,1.0,0.0,0.0,1.0,0.0,1.0,0.0,1.0,0.0,1.0,0.0,1.0,0.0,1.0,0.0,1.0,0.0,1.0,0.0,1.0,0.0,1.0
0.030100667834281863,0.1664337099749195,-0.025449285229881165,0.21162321895652564,0.2131633366945162,0.2603038488314369,0.030100667834281863,0.1664337099749195,-0.025449285229881165,0.21162321895652564,0.2131633366945162,0.2603038488314369,1.0,0.0,1.0,0.0,1.0,0.0,1.0,0.0,0.0,1.0,0.0,1.0,0.0,1.0,0.0,1.0,0.0,1.0,1.0,0.0,0.0,1.0,0.0,0.0,1.0,0.0,0.0,1.0,0.0,0.0,1.0,0.0,0.0,0.0,0.0,1.0,0.0,0.0,1.0,0.0,0.0,1.0,0.0,0.0,1.0,0.0,1.0,0.0,1.0,0.0,1.0,0.0,1.0,0.0,1.0,0.0,1.0,0.0,1.0,0.0,1.0,0.0,1.0
-0.5908612575269299,-0.46251095729960046,-0.30331880797106503,-0.3341313652818929,-0.4967820203325473,-0.5069187158730116,-0.5908612575269299,-0.46251095729960046,-0.30331880797106503,-0.3341313652818929,-0.4967820203325473,-0.5069187158730116,0.0,1.0,0.0,1.0,0.0,1.0,0.0,1.0,0.0,1.0,0.0,1.0,0.0,1.0,0.0,1.0,0.0,1.0,1.0,0.0,0.0,1.0,0.0,0.0,1.0,0.0,0.0,1.0,0.0,0.0,1.0,0.0,0.0,1.0,0.0,0.0,1.0,0.0,0.0,1.0,0.0,0.0,1.0,0.0,0.0,0.0,1.0,0.0,1.0,0.0,1.0,0.0,1.0,0.0,1.0,0.0,1.0,0.0,1.0,0.0,1.0,0.0,1.0
-0.19293216840656685,-0.3233895562434855,-0.17087632516919235,-0.17985074242987845,-0.17515750577122624,-0.2994402402039098,-0.19293216840656685,-0.3233895562434855,-0.17087632516919235,-0.17985074242987845,-0.17515750577122624,-0.2994402402039098,1.0,0.0,1.0,0.0,0.0,1.0,0.0,1.0,0.0,1.0,0.0,1.0,0.0,1.0,0.0,1.0,0.0,1.0,0.0,1.0,0.0,0.0,1.0,0.0,1.0,0.0,0.0,0.0,0.0,1.0,0.0,0.0,1.0,0.0,0.0,1.0,0.0,0.0,1.0,0.0,0.0,1.0,0.0,0.0,1.0,1.0,0.0,1.0,0.0,0.0,1.0,0.0,1.0,0.0,1.0,0.0,1.0,0.0,1.0,0.0,1.0,0.0,1.0
0.6414352765232266,0.6837914201523473,0.3138804746285117,0.5443236097326385,0.7571089442705752,-0.008386970363938422,0.6414352765232266,0.6837914201523473,0.3138804746285117,0.5443236097326385,0.7571089442705752,-0.008386970363938422,1.0,0.0,1.0,0.0,1.0,0.0,1.0,0.0,1.0,0.0,1.0,0.0,1.0,0.0,1.0,0.0,1.0,0.0,0.0,1.0,0.0,0.0,1.0,0.0,0.0,1.0,0.0,0.0,1.0,0.0,0.0,1.0,0.0,0.0,1.0,0.0,0.0,1.0,0.0,0.0,1.0,0.0,0.0,1.0,0.0,1.0,0.0,1.0,0.0,1.0,0.0,1.0,0.0,1.0,0.0,1.0,0.0,1.0,0.0,1.0,0.0,1.0,0.0
-0.650229710339242,-0.6262684397927358,-0.45740221933533526,-0.5314426380450135,-0.7694958944306259,-0.7785811804181665,-0.650229710339242,-0.6262684397927358,-0.45740221933533526,-0.5314426380450135,-0.7694958944306259,-0.7785811804181665,0.0,1.0,0.0,1.0,0.0,1.0,0.0,1.0,0.0,1.0,0.0,1.0,0.0,1.0,0.0,1.0,0.0,1.0,0.0,0.0,1.0,0.0,0.0,1.0,0.0,0.0,1.0,0.0,0.0,1.0,0.0,0.0,1.0,0.0,0.0,1.0,0.0,0.0,1.0,0.0,0.0,1.0,0.0,0.0,1.0,0.0,1.0,0.0,1.0,0.0,1.0,0.0,1.0,0.0,1.0,0.0,1.0,0.0,1.0,0.0,1.0,0.0,1.0
-0.6004885741991967,-0.5914880895287072,-0.4201798222080116,-0.484213875947458,-0.711692410246794,-0.6442425990496833,-0.6004885741991967,-0.5914880895287072,-0.4201798222080116,-0.484213875947458,-0.711692410246794,-0.6442425990496833,0.0,1.0,0.0,1.0,0.0,1.0,0.0,1.0,0.0,1.0,0.0,1.0,0.0,1.0,0.0,1.0,0.0,1.0,1.0,0.0,0.0,1.0,0.0,0.0,1.0,0.0,0.0,1.0,0.0,0.0,1.0,0.0,0.0,0.0,0.0,1.0,0.0,0.0,1.0,0.0,0.0,1.0,0.0,0.0,1.0,0.0,1.0,0.0,1.0,0.0,1.0,0.0,1.0,0.0,1.0,0.0,1.0,0.0,1.0,0.0,1.0,0.0,1.0
-0.6614615797902201,-0.6103274459217227,-0.4452832993403927,-0.5198978295322777,-0.7680137538105277,-0.7442502096239986,-0.6614615797902201,-0.6103274459217227,-0.4452832993403927,-0.5198978295322777,-0.7680137538105277,-0.7442502096239986,0.0,1.0,0.0,1.0,0.0,1.0,0.0,1.0,0.0,1.0,0.0,1.0,0.0,1.0,0.0,1.0,0.0,1.0,1.0,0.0,0.0,1.0,0.0,0.0,1.0,0.0,0.0,1.0,0.0,0.0,1.0,0.0,0.0,1.0,0.0,0.0,0.0,0.0,1.0,0.0,0.0,1.0,0.0,0.0,1.0,0.0,1.0,0.0,1.0,0.0,1.0,0.0,1.0,0.0,1.0,0.0,1.0,0.0,1.0,0.0,1.0,0.0,1.0
1.53196206870791,1.7141592967241992,0.9648396057854284,1.0113635904751312,-0.05956409770200813,1.6604103968718507,1.53196206870791,1.7141592967241992,0.9648396057854284,1.0113635904751312,-0.05956409770200813,1.6604103968718507,1.0,0.0,1.0,0.0,0.0,1.0,0.0,1.0,0.0,1.0,0.0,1.0,0.0,1.0,0.0,1.0,0.0,1.0,0.0,1.0,0.0,0.0,1.0,0.0,1.0,0.0,0.0,1.0,0.0,0.0,0.0,0.0,1.0,0.0,0.0,1.0,0.0,0.0,1.0,0.0,0.0,1.0,0.0,0.0,1.0,1.0,0.0,1.0,0.0,0.0,1.0,0.0,1.0,0.0,1.0,0.0,1.0,0.0,1.0,0.0,1.0,0.0,1.0
0.11352273206396092,0.05338431286786898,0.5631839716673309,0.6881089521185294,0.640019835282813,-0.008386970363938422,0.11352273206396092,0.05338431286786898,0.5631839716673309,0.6881089521185294,0.640019835282813,-0.008386970363938422,1.0,0.0,1.0,0.0,1.0,0.0,1.0,0.0,1.0,0.0,1.0,0.0,1.0,0.0,1.0,0.0,1.0,0.0,0.0,1.0,0.0,0.0,1.0,0.0,0.0,1.0,0.0,0.0,1.0,0.0,0.0,1.0,0.0,0.0,1.0,0.0,0.0,1.0,0.0,0.0,1.0,0.0,0.0,1.0,0.0,1.0,0.0,1.0,0.0,1.0,0.0,1.0,0.0,1.0,0.0,1.0,0.0,1.0,0.0,1.0,0.0,1.0,0.0
-0.2619279378911459,-0.27701575589144706,-0.23666474799888074,-0.2711596824851523,-0.32188942716095337,-0.39496989806594224,-0.2619279378911459,-0.27701575589144706,-0.23666474799888074,-0.2711596824851523,-0.32188942716095337,-0.39496989806594224,1.0,0.0,1.0,0.0,0.0,1.0,0.0,1.0,0.0,1.0,0.0,1.0,0.0,1.0,0.0,1.0,0.0,1.0,1.0,0.0,0.0,1.0,0.0,0.0,1.0,0.0,0.0,1.0,0.0,0.0,1.0,0.0,0.0,1.0,0.0,0.0,1.0,0.0,0.0,1.0,0.0,0.0,1.0,0.0,0.0,0.0,1.0,0.0,1.0,0.0,1.0,0.0,1.0,0.0,1.0,0.0,1.0,0.0,1.0,0.0,1.0,0.0,1.0
0.11352273206396092,0.05338431286786898,9.061143799549582,-0.01613396942776386,6.3195826914993205,5.642803008995331,0.11352273206396092,0.05338431286786898,9.061143799549582,-0.01613396942776386,6.3195826914993205,5.642803008995331,1.0,0.0,1.0,0.0,1.0,0.0,1.0,0.0,1.0,0.0,1.0,0.0,1.0,0.0,1.0,0.0,1.0,0.0,1.0,0.0,0.0,1.0,0.0,0.0,1.0,0.0,0.0,0.0,1.0,0.0,0.0,1.0,0.0,0.0,1.0,0.0,0.0,1.0,0.0,0.0,1.0,0.0,0.0,1.0,0.0,1.0,0.0,1.0,0.0,1.0,0.0,1.0,0.0,1.0,0.0,1.0,0.0,1.0,0.0,1.0,0.0,1.0,0.0
-0.5972794686417744,-0.5711995518746903,-0.425373645062987,-0.4915605722737444,-0.7057638477664011,-0.6845441734602283,-0.5972794686417744,-0.5711995518746903,-0.425373645062987,-0.4915605722737444,-0.7057638477664011,-0.6845441734602283,0.0,1.0,0.0,1.0,0.0,1.0,0.0,1.0,0.0,1.0,0.0,1.0,0.0,1.0,0.0,1.0,0.0,1.0,1.0,0.0,0.0,1.0,0.0,0.0,0.0,0.0,1.0,0.0,0.0,1.0,0.0,0.0,1.0,0.0,0.0,1.0,0.0,0.0,1.0,0.0,0.0,1.0,0.0,0.0,1.0,0.0,1.0,0.0,1.0,0.0,1.0,0.0,1.0,0.0,1.0,0.0,1.0,0.0,1.0,0.0,1.0,0.0,1.0
0.8981637211170092,0.7924800147274371,0.832397122983556,0.9347480430724301,1.6478754569496252,1.2693358599991553,0.8981637211170092,0.7924800147274371,0.832397122983556,0.9347480430724301,1.6478754569496252,1.2693358599991553,0.0,1.0,0.0,1.0,0.0,1.0,0.0,1.0,0.0,1.0,0.0,1.0,0.0,1.0,0.0,1.0,0.0,1.0,1.0,0.0,0.0,1.0,0.0,0.0,1.0,0.0,0.0,0.0,0.0,1.0,0.0,0.0,1.0,0.0,0.0,1.0,0.0,0.0,1.0,0.0,0.0,1.0,0.0,0.0,1.0,0.0,1.0,0.0,1.0,0.0,1.0,0.0,1.0,0.0,1.0,0.0,1.0,0.0,1.0,0.0,1.0,0.0,1.0
1.0682463156603903,0.8330570900354706,0.32167120891097484,0.2756444297998785,-0.25519309925653194,0.5349516151847803,1.0682463156603903,0.8330570900354706,0.32167120891097484,0.2756444297998785,-0.25519309925653194,0.5349516151847803,0.0,1.0,0.0,1.0,0.0,1.0,0.0,1.0,0.0,1.0,0.0,1.0,0.0,1.0,0.0,1.0,0.0,1.0,1.0,0.0,0.0,1.0,0.0,0.0,1.0,0.0,0.0,1.0,0.0,0.0,1.0,0.0,0.0,1.0,0.0,0.0,1.0,0.0,0.0,1.0,0.0,0.0,1.0,0.0,0.0,0.0,1.0,0.0,1.0,0.0,1.0,0.0,1.0,0.0,1.0,0.0,1.0,0.0,1.0,0.0,1.0,0.0,1.0
-0.5042154074765282,-0.4900454012586232,-0.18992034230410212,-0.17565263024342906,0.02937789980233273,-0.05166019012426297,-0.5042154074765282,-0.4900454012586232,-0.18992034230410212,-0.17565263024342906,0.02937789980233273,-0.05166019012426297,1.0,0.0,1.0,0.0,1.0,0.0,1.0,0.0,0.0,1.0,0.0,1.0,0.0,1.0,0.0,1.0,0.0,1.0,0.0,1.0,0.0,0.0,1.0,0.0,0.0,1.0,0.0,0.0,1.0,0.0,0.0,0.0,1.0,0.0,0.0,1.0,0.0,0.0,1.0,0.0,0.0,1.0,0.0,0.0,1.0,1.0,0.0,1.0,0.0,1.0,0.0,1.0,0.0,0.0,1.0,0.0,1.0,0.0,1.0,0.0,1.0,0.0,1.0
-0.707993610372843,-0.6755406026667767,-0.4764462364702451,-0.5503341428840356,-0.810995831793377,-0.7860444349386378,-0.707993610372843,-0.6755406026667767,-0.4764462364702451,-0.5503341428840356,-0.810995831793377,-0.7860444349386378,1.0,0.0,0.0,1.0,0.0,1.0,0.0,1.0,0.0,1.0,0.0,1.0,0.0,1.0,0.0,1.0,0.0,1.0,1.0,0.0,0.0,1.0,0.0,0.0,1.0,0.0,0.0,1.0,0.0,0.0,1.0,0.0,0.0,0.0,0.0,1.0,0.0,0.0,1.0,0.0,0.0,1.0,0.0,0.0,1.0,0.0,1.0,0.0,1.0,0.0,1.0,0.0,1.0,0.0,1.0,0.0,1.0,0.0,1.0,0.0,1.0,0.0,1.0
-0.7673620631851554,-0.7349570343678257,-0.5102060850275851,-0.5870676245154676,-0.8569421910164229,-0.8203754057328057,-0.7673620631851554,-0.7349570343678257,-0.5102060850275851,-0.5870676245154676,-0.8569421910164229,-0.8203754057328057,1.0,0.0,1.0,0.0,1.0,0.0,1.0,0.0,1.0,0.0,1.0,0.0,1.0,0.0,1.0,0.0,1.0,0.0,0.0,0.0,1.0,0.0,0.0,1.0,0.0,0.0,1.0,0.0,0.0,1.0,0.0,0.0,1.0,0.0,0.0,1.0,0.0,0.0,1.0,0.0,0.0,1.0,0.0,0.0,1.0,0.0,1.0,0.0,1.0,0.0,1.0,0.0,1.0,0.0,1.0,0.0,1.0,0.0,1.0,0.0,1.0,0.0,1.0
-0.20576859063625585,0.05338431286786898,-0.25224621656380697,-0.4201926651041051,-0.1277290059280822,-0.008386970363938422,-0.20576859063625585,0.05338431286786898,-0.25224621656380697,-0.4201926651041051,-0.1277290059280822,-0.008386970363938422,0.0,1.0,0.0,1.0,0.0,1.0,0.0,1.0,0.0,1.0,0.0,1.0,0.0,1.0,0.0,1.0,0.0,1.0,0.0,1.0,0.0,0.0,1.0,0.0,1.0,0.0,0.0,1.0,0.0,0.0,1.0,0.0,0.0,1.0,0.0,0.0,1.0,0.0,0.0,1.0,0.0,0.0,1.0,0.0,0.0,1.0,0.0,1.0,0.0,0.0,1.0,0.0,1.0,0.0,1.0,0.0,1.0,0.0,1.0,0.0,1.0,0.0,1.0
0.13921025678663942,0.44467651208714953,0.15893142612174554,0.3805972344611128,0.48735935141269304,0.4065836374326742,0.13921025678663942,0.44467651208714953,0.15893142612174554,0.3805972344611128,0.48735935141269304,0.4065836374326742,1.0,0.0,1.0,0.0,1.0,0.0,1.0,0.0,1.0,0.0,1.0,0.0,1.0,0.0,1.0,0.0,1.0,0.0,0.0,1.0,0.0,0.0,1.0,0.0,1.0,0.0,0.0,1.0,0.0,0.0,1.0,0.0,0.0,1.0,0.0,0.0,0.0,0.0,1.0,0.0,0.0,1.0,0.0,0.0,1.0,1.0,0.0,1.0,0.0,0.0,1.0,0.0,1.0,0.0,1.0,0.0,1.0,0.0,1.0,0.0,1.0,0.0,1.0
-0.4143604518687043,-0.3972978005545466,-0.24791803085132744,-0.4285888894770038,-0.6212818324208006,-0.5755806574613475,-0.4143604518687043,-0.3972978005545466,-0.24791803085132744,-0.4285888894770038,-0.6212818324208006,-0.5755806574613475,0.0,1.0,0.0,1.0,0.0,1.0,0.0,1.0,0.0,1.0,0.0,1.0,0.0,1.0,0.0,1.0,0.0,1.0,0.0,0.0,1.0,0.0,0.0,1.0,0.0,0.0,1.0,0.0,0.0,1.0,0.0,0.0,1.0,0.0,0.0,1.0,0.0,0.0,1.0,0.0,0.0,1.0,0.0,0.0,1.0,0.0,1.0,0.0,1.0,0.0,1.0,0.0,1.0,0.0,1.0,0.0,1.0,0.0,1.0,0.0,1.0,0.0,1.0
1.0345507073074565,0.5852470944042658,0.3588936060382985,0.9851253893098226,1.0357513808490466,0.8991584357837794,1.0345507073074565,0.5852470944042658,0.3588936060382985,0.9851253893098226,1.0357513808490466,0.8991584357837794,1.0,0.0,1.0,0.0,1.0,0.0,1.0,0.0,1.0,0.0,1.0,0.0,1.0,0.0,1.0,0.0,1.0,0.0,1.0,0.0,0.0,1.0,0.0,0.0,1.0,0.0,0.0,1.0,0.0,0.0,1.0,0.0,0.0,1.0,0.0,0.0,0.0,0.0,1.0,0.0,0.0,1.0,0.0,0.0,1.0,0.0,1.0,0.0,1.0,0.0,1.0,0.0,1.0,0.0,1.0,0.0,1.0,0.0,1.0,0.0,1.0,0.0,1.0
0.7056173876716724,0.4736601373071734,0.30955228891603215,0.5621655865250482,0.9527515061235448,0.5573413787461943,0.7056173876716724,0.4736601373071734,0.30955228891603215,0.5621655865250482,0.9527515061235448,0.5573413787461943,1.0,0.0,1.0,0.0,1.0,0.0,0.0,1.0,0.0,1.0,0.0,1.0,0.0,1.0,0.0,1.0,0.0,1.0,0.0,1.0,0.0,0.0,1.0,0.0,1.0,0.0,0.0,1.0,0.0,0.0,1.0,0.0,0.0,1.0,0.0,0.0,1.0,0.0,0.0,1.0,0.0,0.0,1.0,0.0,0.0,1.0,0.0,1.0,0.0,0.0,1.0,0.0,1.0,0.0,1.0,0.0,1.0,0.0,1.0,0.0,1.0,0.0,1.0
0.737708443245895,0.6953848702403569,0.5207677516850318,1.2705970179883799,2.031749877555073,2.044021679224075,0.737708443245895,0.6953848702403569,0.5207677516850318,1.2705970179883799,2.031749877555073,2.044021679224075,1.0,0.0,1.0,0.0,1.0,0.0,1.0,0.0,1.0,0.0,1.0,0.0,1.0,0.0,1.0,0.0,1.0,0.0,1.0,0.0,0.0,1.0,0.0,0.0,1.0,0.0,0.0,1.0,0.0,0.0,1.0,0.0,0.0,1.0,0.0,0.0,1.0,0.0,0.0,1.0,0.0,0.0,1.0,0.0,0.0,0.0,1.0,0.0,1.0,0.0,1.0,0.0,1.0,0.0,1.0,0.0,1.0,0.0,1.0,0.0,1.0,0.0,1.0
-0.6710888964624869,-0.6277176210537372,-0.39247943364814275,-0.4233412492439421,-0.5871925981585407,-0.6337940427210236,-0.6710888964624869,-0.6277176210537372,-0.39247943364814275,-0.4233412492439421,-0.5871925981585407,-0.6337940427210236,1.0,0.0,1.0,0.0,1.0,0.0,1.0,0.0,1.0,0.0,1.0,0.0,1.0,0.0,1.0,0.0,1.0,0.0,1.0,0.0,0.0,1.0,0.0,0.0,1.0,0.0,0.0,1.0,0.0,0.0,0.0,0.0,1.0,0.0,0.0,1.0,0.0,0.0,1.0,0.0,0.0,1.0,0.0,0.0,1.0,0.0,1.0,0.0,1.0,0.0,1.0,0.0,1.0,0.0,1.0,0.0,1.0,0.0,1.0,0.0,1.0,0.0,1.0
-0.39350126574545946,-0.40164534433755017,-0.3362130193859093,-0.3866077676125101,-0.5027105828129403,-0.4591538869419953,-0.39350126574545946,-0.40164534433755017,-0.3362130193859093,-0.3866077676125101,-0.5027105828129403,-0.4591538869419953,1.0,0.0,1.0,0.0,1.0,0.0,1.0,0.0,1.0,0.0,1.0,0.0,1.0,0.0,1.0,0.0,1.0,0.0,1.0,0.0,0.0,1.0,0.0,0.0,1.0,0.0,0.0,1.0,0.0,0.0,1.0,0.0,0.0,1.0,0.0,0.0,1.0,0.0,0.0,1.0,0.0,0.0,0.0,0.0,1.0,0.0,1.0,0.0,1.0,0.0,1.0,0.0,1.0,0.0,1.0,0.0,1.0,0.0,1.0,0.0,1.0,0.0,1.0
-0.38868760740932606,-0.30165183732846756,0.03601095188732774,0.19273171411750348,0.4295558672288611,0.9917027918376233,-0.38868760740932606,-0.30165183732846756,0.03601095188732774,0.19273171411750348,0.4295558672288611,0.9917027918376233,1.0,0.0,1.0,0.0,1.0,0.0,1.0,0.0,0.0,1.0,0.0,1.0,0.0,1.0,0.0,1.0,0.0,1.0,1.0,0.0,0.0,1.0,0.0,0.0,1.0,0.0,0.0,1.0,0.0,0.0,0.0,0.0,1.0,0.0,0.0,1.0,0.0,0.0,1.0,0.0,0.0,1.0,0.0,0.0,1.0,0.0,1.0,0.0,1.0,0.0,1.0,0.0,1.0,0.0,1.0,0.0,1.0,0.0,1.0,0.0,1.0,0.0,1.0
1.838431649441738,0.028761490179805654,-0.007270905237467267,0.350160921109355,0.18352052429255097,1.332027197971114,1.838431649441738,0.028761490179805654,-0.007270905237467267,0.350160921109355,0.18352052429255097,1.332027197971114,1.0,0.0,0.0,1.0,0.0,1.0,0.0,1.0,0.0,1.0,0.0,1.0,0.0,1.0,0.0,1.0,0.0,1.0,0.0,1.0,0.0,1.0,0.0,0.0,1.0,0.0,0.0,1.0,0.0,0.0,1.0,0.0,0.0,1.0,0.0,0.0,1.0,0.0,0.0,1.0,0.0,0.0,1.0,0.0,0.0,1.0,0.0,0.0,1.0,0.0,1.0,0.0,1.0,0.0,1.0,0.0,1.0,0.0,1.0,0.0,1.0,0.0,1.0
-0.4255923213196823,-0.4465699634285873,-0.3370786565284052,-0.38555823956589774,-0.564960488857067,-0.6920074279806996,-0.4255923213196823,-0.4465699634285873,-0.3370786565284052,-0.38555823956589774,-0.564960488857067,-0.6920074279806996,1.0,0.0,0.0,1.0,0.0,1.0,0.0,1.0,0.0,1.0,0.0,1.0,0.0,1.0,0.0,1.0,0.0,1.0,1.0,0.0,0.0,1.0,0.0,0.0,0.0,0.0,1.0,0.0,0.0,1.0,0.0,0.0,1.0,0.0,0.0,1.0,0.0,0.0,1.0,0.0,0.0,1.0,0.0,0.0,1.0,0.0,1.0,0.0,1.0,0.0,1.0,0.0,1.0,0.0,1.0,0.0,1.0,0.0,1.0,0.0,1.0,0.0,1.0
0.7601721821478511,0.4982962187441938,0.3078210146310404,0.4278259965586682,0.7081983038073328,0.9305041047697588,0.7601721821478511,0.4982962187441938,0.3078210146310404,0.4278259965586682,0.7081983038073328,0.9305041047697588,1.0,0.0,1.0,0.0,1.0,0.0,1.0,0.0,1.0,0.0,0.0,1.0,0.0,1.0,0.0,1.0,0.0,1.0,1.0,0.0,0.0,1.0,0.0,0.0,1.0,0.0,0.0,1.0,0.0,0.0,1.0,0.0,0.0,1.0,0.0,0.0,1.0,0.0,0.0,0.0,0.0,1.0,0.0,0.0,1.0,0.0,1.0,0.0,1.0,0.0,1.0,0.0,1.0,0.0,1.0,0.0,1.0,0.0,1.0,0.0,1.0,0.0,1.0
-0.536306463050751,-0.532071657827658,-0.3743010536557289,-0.33518089332850526,-0.4226749893276347,-0.17107226245180357,-0.536306463050751,-0.532071657827658,-0.3743010536557289,-0.33518089332850526,-0.4226749893276347,-0.17107226245180357,1.0,0.0,1.0,0.0,1.0,0.0,1.0,0.0,1.0,0.0,1.0,0.0,1.0,0.0,1.0,0.0,0.0,1.0,1.0,0.0,0.0,1.0,0.0,0.0,0.0,0.0,1.0,0.0,0.0,1.0,0.0,0.0,1.0,0.0,0.0,1.0,0.0,0.0,1.0,0.0,0.0,1.0,0.0,0.0,1.0,0.0,1.0,0.0,1.0,0.0,1.0,0.0,1.0,0.0,1.0,0.0,1.0,0.0,1.0,0.0,1.0,0.0,1.0
-0.8443805965632901,-0.7987210098518784,-0.5335782878749745,-0.5681761196764454,-0.7843173006316084,-0.7875370858427321,-0.8443805965632901,-0.7987210098518784,-0.5335782878749745,-0.5681761196764454,-0.7843173006316084,-0.7875370858427321,1.0,0.0,1.0,0.0,1.0,0.0,1.0,0.0,0.0,1.0,0.0,1.0,0.0,1.0,0.0,1.0,0.0,1.0,1.0,0.0,0.0,1.0,0.0,0.0,0.0,0.0,1.0,0.0,0.0,1.0,0.0,0.0,1.0,0.0,0.0,1.0,0.0,0.0,1.0,0.0,0.0,1.0,0.0,0.0,1.0,0.0,1.0,0.0,1.0,0.0,1.0,0.0,1.0,0.0,1.0,0.0,1.0,0.0,1.0,0.0,1.0,0.0,1.0
-0.5330973574933288,-0.5088847576516389,-0.3665103193732657,-0.4285888894770038,-0.5886747387786391,-0.5621467993244992,-0.5330973574933288,-0.5088847576516389,-0.3665103193732657,-0.4285888894770038,-0.5886747387786391,-0.5621467993244992,0.0,1.0,0.0,1.0,0.0,1.0,0.0,1.0,0.0,1.0,0.0,1.0,0.0,1.0,0.0,1.0,0.0,1.0,0.0,0.0,1.0,0.0,0.0,1.0,0.0,0.0,1.0,0.0,0.0,1.0,0.0,0.0,1.0,0.0,0.0,1.0,0.0,0.0,1.0,0.0,0.0,1.0,0.0,0.0,1.0,0.0,1.0,0.0,1.0,0.0,1.0,0.0,1.0,0.0,1.0,0.0,1.0,0.0,1.0,0.0,1.0,0.0,1.0
2.0165370078786746,2.093844787106513,0.6341662173519947,0.8612810798095661,1.2966081299863392,1.0976810060283158,2.0165370078786746,2.093844787106513,0.6341662173519947,0.8612810798095661,1.2966081299863392,1.0976810060283158,0.0,1.0,0.0,1.0,0.0,1.0,0.0,1.0,0.0,1.0,0.0,1.0,0.0,1.0,0.0,1.0,0.0,1.0,1.0,0.0,0.0,1.0,0.0,0.0,1.0,0.0,0.0,1.0,0.0,0.0,1.0,0.0,0.0,1.0,0.0,0.0,1.0,0.0,0.0,1.0,0.0,0.0,1.0,0.0,0.0,0.0,1.0,0.0,1.0,0.0,1.0,0.0,1.0,0.0,1.0,0.0,1.0,0.0,1.0,0.0,1.0,0.0,1.0
-0.7368755603896437,-0.7204652217578138,-0.5041466250301139,-0.5807704562357936,-0.8465672066757352,-0.8099268494041459,-0.7368755603896437,-0.7204652217578138,-0.5041466250301139,-0.5807704562357936,-0.8465672066757352,-0.8099268494041459,1.0,0.0,1.0,0.0,1.0,0.0,1.0,0.0,1.0,0.0,1.0,0.0,1.0,0.0,1.0,0.0,1.0,0.0,1.0,0.0,0.0,1.0,0.0,0.0,1.0,0.0,0.0,1.0,0.0,0.0,1.0,0.0,0.0,1.0,0.0,0.0,1.0,0.0,0.0,1.0,0.0,0.0,1.0,0.0,0.0,0.0,1.0,0.0,1.0,0.0,1.0,0.0,1.0,0.0,1.0,0.0,1.0,0.0,1.0,0.0,1.0,0.0,1.0
-0.5603747547314182,-0.6146749897047262,-0.4080609022130689,-0.43488605775667794,-0.6346210980016849,-0.636779344529212,-0.5603747547314182,-0.6146749897047262,-0.4080609022130689,-0.43488605775667794,-0.6346210980016849,-0.636779344529212,1.0,0.0,0.0,1.0,0.0,1.0,0.0,1.0,0.0,1.0,0.0,1.0,0.0,1.0,0.0,1.0,0.0,1.0,0.0,0.0,1.0,0.0,0.0,1.0,0.0,0.0,1.0,0.0,0.0,1.0,0.0,0.0,1.0,0.0,0.0,1.0,0.0,0.0,1.0,0.0,0.0,1.0,0.0,0.0,1.0,0.0,1.0,0.0,1.0,0.0,1.0,0.0,1.0,0.0,1.0,0.0,1.0,0.0,1.0,0.0,1.0,0.0,1.0
-0.29241444068665756,-0.36396663155151904,-0.2790809679811799,-0.21133658382824871,-0.3085501615800691,-0.2740651748343073,-0.29241444068665756,-0.36396663155151904,-0.2790809679811799,-0.21133658382824871,-0.3085501615800691,-0.2740651748343073,1.0,0.0,1.0,0.0,1.0,0.0,1.0,0.0,1.0,0.0,1.0,0.0,1.0,0.0,1.0,0.0,1.0,0.0,1.0,0.0,0.0,1.0,0.0,0.0,1.0,0.0,0.0,1.0,0.0,0.0,1.0,0.0,0.0,1.0,0.0,0.0,1.0,0.0,0.0,0.0,0.0,1.0,0.0,0.0,1.0,0.0,1.0,0.0,1.0,0.0,1.0,0.0,1.0,0.0,1.0,0.0,1.0,0.0,1.0,0.0,1.0,0.0,1.0
3.142933058533896,2.7706124359940723,1.404583274173346,1.487849323637135,2.1577318302634247,2.691832171600983,3.142933058533896,2.7706124359940723,1.404583274173346,1.487849323637135,2.1577318302634247,2.691832171600983,1.0,0.0,0.0,1.0,0.0,1.0,0.0,1.0,0.0,1.0,0.0,1.0,0.0,1.0,0.0,1.0,0.0,1.0,1.0,0.0,0.0,1.0,0.0,0.0,1.0,0.0,0.0,1.0,0.0,0.0,0.0,0.0,1.0,0.0,0.0,1.0,0.0,0.0,1.0,0.0,0.0,1.0,0.0,0.0,1.0,0.0,1.0,0.0,1.0,0.0,1.0,0.0,1.0,0.0,1.0,0.0,1.0,0.0,1.0,0.0,1.0,0.0,1.0
-0.05654518221611977,0.4142437056061245,-0.0401730364797817,-0.01613396942776386,-0.05956409770200813,-0.43676412338058146,-0.05654518221611977,0.4142437056061245,-0.0401730364797817,-0.01613396942776386,-0.05956409770200813,-0.43676412338058146,1.0,0.0,1.0,0.0,1.0,0.0,1.0,0.0,1.0,0.0,1.0,0.0,1.0,0.0,0.0,1.0,0.0,1.0,0.0,0.0,1.0,0.0,0.0,1.0,0.0,0.0,1.0,0.0,0.0,1.0,0.0,0.0,1.0,0.0,0.0,1.0,0.0,0.0,1.0,0.0,0.0,1.0,0.0,0.0,1.0,0.0,1.0,0.0,1.0,0.0,1.0,0.0,1.0,0.0,1.0,0.0,1.0,0.0,1.0,0.0,1.0,0.0,1.0
-0.39991947686030405,-0.385704350466537,-0.31543772796600766,-0.41074691268459396,-0.6286925355212919,-0.6099116282555155,-0.39991947686030405,-0.385704350466537,-0.31543772796600766,-0.41074691268459396,-0.6286925355212919,-0.6099116282555155,0.0,1.0,0.0,1.0,0.0,1.0,0.0,1.0,0.0,1.0,0.0,1.0,0.0,1.0,0.0,1.0,0.0,1.0,1.0,0.0,0.0,1.0,0.0,0.0,1.0,0.0,0.0,0.0,0.0,1.0,0.0,0.0,1.0,0.0,0.0,1.0,0.0,0.0,1.0,0.0,0.0,1.0,0.0,0.0,1.0,0.0,1.0,0.0,1.0,0.0,1.0,0.0,1.0,0.0,1.0,0.0,1.0,0.0,1.0,0.0,1.0,0.0,1.0
0.3927295958229999,0.2620796732009986,0.3398495889033886,0.7468825227288207,0.9023587250402041,1.370836121477565,0.3927295958229999,0.2620796732009986,0.3398495889033886,0.7468825227288207,0.9023587250402041,1.370836121477565,0.0,1.0,0.0,1.0,0.0,1.0,0.0,1.0,0.0,1.0,0.0,1.0,0.0,1.0,0.0,1.0,0.0,1.0,1.0,0.0,0.0,1.0,0.0,0.0,1.0,0.0,0.0,0.0,0.0,1.0,0.0,0.0,1.0,0.0,0.0,1.0,0.0,0.0,1.0,0.0,0.0,1.0,0.0,0.0,1.0,0.0,1.0,0.0,1.0,0.0,1.0,0.0,1.0,0.0,1.0,0.0,1.0,0.0,1.0,0.0,1.0,0.0,1.0
0.521093818119891,0.3432338238170658,0.5380804945349499,0.49079767935540897,0.6666983664445816,0.31403928137883036,0.521093818119891,0.3432338238170658,0.5380804945349499,0.49079767935540897,0.6666983664445816,0.31403928137883036,1.0,0.0,1.0,0.0,1.0,0.0,1.0,0.0,1.0,0.0,1.0,0.0,1.0,0.0,1.0,0.0,1.0,0.0,1.0,0.0,0.0,1.0,0.0,0.0,1.0,0.0,0.0,1.0,0.0,0.0,1.0,0.0,0.0,1.0,0.0,0.0,1.0,0.0,0.0,1.0,0.0,0.0,1.0,0.0,0.0,0.0,1.0,0.0,1.0,0.0,1.0,0.0,1.0,0.0,1.0,0.0,1.0,0.0,1.0,0.0,1.0,0.0,1.0
0.29966553465775353,0.44757487460915185,0.44805423171537617,0.033203451032427264,0.7793410535720491,-0.10390297176756194,0.29966553465775353,0.44757487460915185,0.44805423171537617,0.033203451032427264,0.7793410535720491,-0.10390297176756194,1.0,0.0,1.0,0.0,1.0,0.0,1.0,0.0,1.0,0.0,1.0,0.0,1.0,0.0,1.0,0.0,1.0,0.0,1.0,0.0,0.0,1.0,0.0,0.0,1.0,0.0,0.0,1.0,0.0,0.0,1.0,0.0,0.0,1.0,0.0,0.0,1.0,0.0,0.0,1.0,0.0,0.0,1.0,0.0,0.0,0.0,1.0,0.0,1.0,0.0,1.0,0.0,1.0,0.0,1.0,0.0,1.0,0.0,1.0,0.0,1.0,0.0,1.0
1.5175210936995098,1.7735757284252482,0.8055623715661828,1.1100192268566913,1.9102143467070165,1.8007195818567112,1.5175210936995098,1.7735757284252482,0.8055623715661828,1.1100192268566913,1.9102143467070165,1.8007195818567112,1.0,0.0,1.0,0.0,1.0,0.0,0.0,1.0,0.0,1.0,0.0,1.0,0.0,1.0,0.0,1.0,0.0,1.0,1.0,0.0,0.0,1.0,0.0,0.0,1.0,0.0,0.0,1.0,0.0,0.0,1.0,0.0,0.0,1.0,0.0,0.0,1.0,0.0,0.0,1.0,0.0,0.0,1.0,0.0,0.0,0.0,1.0,0.0,1.0,0.0,1.0,0.0,1.0,0.0,1.0,0.0,1.0,0.0,1.0,0.0,1.0,0.0,1.0
